date,tests,cases,normal_beds,ICU_beds,deceased,recovered,day,dow
2020-02-24,18.0,,,,,,-10,Monday
2020-02-25,21.0,,,,,,-9,Tuesday
2020-02-26,41.0,,,,,,-8,Wednesday
2020-02-27,43.0,,,,,,-7,Thursday
2020-02-28,35.0,,,,,,-6,Friday
2020-02-29,16.0,,,,,,-5,Saturday
2020-03-01,17.0,,,,,,-4,Sunday
2020-03-02,54.0,,,,,,-3,Monday
2020-03-03,48.0,,,,,,-2,Tuesday
2020-03-04,51.0,,,,,,-1,Wednesday
2020-03-05,103.0,,,,,,0,Thursday
2020-03-06,278.0,,,,,,1,Friday
2020-03-07,177.0,,,,,,2,Saturday
2020-03-08,238.0,,,,,,3,Sunday
2020-03-09,367.0,,,,,,4,Monday
2020-03-10,542.0,,17.0,1.0,,,5,Tuesday
2020-03-11,749.0,,17.0,1.0,0.0,,6,Wednesday
2020-03-12,1045.0,,15.0,2.0,0.0,,7,Thursday
2020-03-13,1197.0,,18.0,4.0,0.0,,8,Friday
2020-03-14,916.0,,25.0,4.0,1.0,,9,Saturday
2020-03-15,590.0,,30.0,3.0,0.0,,10,Sunday
2020-03-16,871.0,,27.0,5.0,0.0,,11,Monday
2020-03-17,1121.0,286.0,33.0,5.0,0.0,,12,Tuesday
2020-03-18,1026.0,317.0,38.0,5.0,0.0,,13,Wednesday
2020-03-19,1184.0,335.0,40.0,7.0,0.0,,14,Thursday
2020-03-20,1242.0,359.0,38.0,8.0,0.0,4.0,15,Friday
2020-03-21,872.0,391.0,43.0,8.0,0.0,5.0,16,Saturday
2020-03-22,731.0,422.0,41.0,11.0,0.0,4.0,17,Sunday
2020-03-23,1257.0,447.0,46.0,10.0,1.0,10.0,18,Monday
2020-03-24,1243.0,478.0,58.0,11.0,1.0,16.0,19,Tuesday
2020-03-25,1181.0,490.0,64.0,14.0,1.0,34.0,20,Wednesday
2020-03-26,1075.0,501.0,65.0,16.0,1.0,48.0,21,Thursday
2020-03-27,1384.0,507.0,80.0,22.0,2.0,44.0,22,Friday
2020-03-28,999.0,518.0,79.0,23.0,2.0,34.0,23,Saturday
2020-03-29,597.0,507.0,84.0,24.0,2.0,34.0,24,Sunday
2020-03-30,1125.0,529.0,88.0,29.0,1.0,25.0,25,Monday
2020-03-31,1288.0,556.0,82.0,28.0,1.0,8.0,26,Tuesday
2020-04-01,1095.0,579.0,78.0,31.0,2.0,31.0,27,Wednesday
2020-04-02,1064.0,596.0,78.0,30.0,1.0,19.0,28,Thursday
2020-04-03,1188.0,609.0,84.0,30.0,4.0,26.0,29,Friday
2020-04-04,655.0,592.0,77.0,32.0,2.0,31.0,30,Saturday
2020-04-05,489.0,579.0,79.0,31.0,6.0,34.0,31,Sunday
2020-04-06,1202.0,578.0,82.0,30.0,2.0,30.0,32,Monday
2020-04-07,1214.0,566.0,77.0,32.0,6.0,44.0,33,Tuesday
2020-04-08,1144.0,552.0,76.0,35.0,4.0,44.0,34,Wednesday
2020-04-09,1234.0,526.0,74.0,34.0,3.0,59.0,35,Thursday
2020-04-10,1232.0,503.0,70.0,36.0,2.0,47.0,36,Friday
2020-04-11,572.0,473.0,59.0,35.0,5.0,44.0,37,Saturday
2020-04-12,554.0,456.0,60.0,35.0,3.0,22.0,38,Sunday
2020-04-13,541.0,416.0,62.0,33.0,2.0,47.0,39,Monday
2020-04-14,1168.0,406.0,68.0,35.0,1.0,32.0,40,Tuesday
2020-04-15,1023.0,372.0,62.0,34.0,5.0,55.0,41,Wednesday
2020-04-16,1193.0,368.0,69.0,30.0,0.0,35.0,42,Thursday
2020-04-17,1250.0,340.0,67.0,28.0,5.0,37.0,43,Friday
2020-04-18,685.0,333.0,66.0,27.0,4.0,16.0,44,Saturday
2020-04-19,537.0,315.0,63.0,26.0,4.0,20.0,45,Sunday
2020-04-20,1174.0,289.0,61.0,26.0,3.0,35.0,46,Monday
2020-04-21,1478.0,262.0,61.0,25.0,0.0,34.0,47,Tuesday
2020-04-22,1457.0,242.0,58.0,24.0,2.0,33.0,48,Wednesday
2020-04-23,1510.0,214.0,57.0,23.0,0.0,34.0,49,Thursday
2020-04-24,1380.0,200.0,55.0,23.0,1.0,27.0,50,Friday
2020-04-25,1012.0,191.0,54.0,23.0,2.0,17.0,51,Saturday
2020-04-26,831.0,190.0,57.0,23.0,0.0,5.0,52,Sunday
2020-04-27,826.0,188.0,58.0,22.0,2.0,6.0,53,Monday
2020-04-28,1360.0,170.0,54.0,23.0,2.0,24.0,54,Tuesday
2020-04-29,1370.0,160.0,48.0,22.0,3.0,19.0,55,Wednesday
2020-04-30,1382.0,129.0,41.0,22.0,2.0,34.0,56,Thursday
2020-05-01,771.0,121.0,37.0,21.0,2.0,12.0,57,Friday
2020-05-02,535.0,108.0,39.0,21.0,1.0,11.0,58,Saturday
2020-05-03,616.0,103.0,38.0,20.0,2.0,4.0,59,Sunday
2020-05-04,1338.0,100.0,38.0,20.0,1.0,8.0,60,Monday
2020-05-05,1449.0,94.0,39.0,16.0,1.0,8.0,61,Tuesday
2020-05-06,1055.0,82.0,39.0,14.0,1.0,13.0,62,Wednesday
2020-05-07,1049.0,76.0,39.0,13.0,0.0,6.0,63,Thursday
2020-05-08,1176.0,65.0,35.0,11.0,1.0,14.0,64,Friday
2020-05-09,625.0,60.0,33.0,10.0,1.0,7.0,65,Saturday
2020-05-10,537.0,57.0,31.0,10.0,1.0,6.0,66,Sunday
2020-05-11,1182.0,52.0,32.0,10.0,0.0,6.0,67,Monday
2020-05-12,1147.0,45.0,31.0,9.0,0.0,8.0,68,Tuesday
2020-05-13,984.0,35.0,29.0,9.0,1.0,11.0,69,Wednesday
2020-05-14,1023.0,31.0,25.0,7.0,0.0,5.0,70,Thursday
2020-05-15,1151.0,26.0,22.0,7.0,0.0,5.0,71,Friday
2020-05-16,511.0,27.0,21.0,6.0,0.0,-1.0,72,Saturday
2020-05-17,479.0,27.0,21.0,5.0,1.0,0.0,73,Sunday
2020-05-18,1128.0,22.0,20.0,5.0,0.0,6.0,74,Monday
2020-05-19,981.0,20.0,19.0,5.0,0.0,2.0,75,Tuesday
2020-05-20,909.0,19.0,19.0,4.0,1.0,0.0,76,Wednesday
2020-05-21,882.0,18.0,18.0,3.0,1.0,1.0,77,Thursday
2020-05-22,677.0,14.0,17.0,4.0,0.0,3.0,78,Friday
2020-05-23,341.0,11.0,15.0,3.0,1.0,3.0,79,Saturday
2020-05-24,256.0,9.0,15.0,3.0,0.0,3.0,80,Sunday
2020-05-25,754.0,8.0,13.0,3.0,0.0,0.0,81,Monday
2020-05-26,809.0,8.0,7.0,2.0,1.0,2.0,82,Tuesday
2020-05-27,631.0,9.0,6.0,2.0,0.0,1.0,83,Wednesday
2020-05-28,706.0,8.0,5.0,2.0,0.0,1.0,84,Thursday
2020-05-29,613.0,8.0,5.0,2.0,0.0,0.0,85,Friday
2020-05-30,264.0,7.0,5.0,2.0,0.0,1.0,86,Saturday
2020-05-31,246.0,7.0,4.0,2.0,0.0,-1.0,87,Sunday
2020-06-01,659.0,8.0,4.0,1.0,1.0,1.0,88,Monday
2020-06-02,807.0,9.0,4.0,1.0,0.0,1.0,89,Tuesday
2020-06-03,828.0,9.0,5.0,0.0,0.0,0.0,90,Wednesday
2020-06-04,828.0,11.0,5.0,0.0,0.0,0.0,91,Thursday
2020-06-05,715.0,16.0,6.0,0.0,0.0,0.0,92,Friday
2020-06-06,229.0,17.0,6.0,0.0,0.0,0.0,93,Saturday
2020-06-07,211.0,16.0,5.0,0.0,0.0,1.0,94,Sunday
2020-06-08,814.0,17.0,5.0,0.0,0.0,0.0,95,Monday
2020-06-09,738.0,17.0,6.0,0.0,0.0,2.0,96,Tuesday
2020-06-10,758.0,15.0,6.0,0.0,0.0,2.0,97,Wednesday
2020-06-11,702.0,17.0,6.0,0.0,0.0,0.0,98,Thursday
2020-06-12,767.0,19.0,6.0,0.0,0.0,0.0,99,Friday
2020-06-13,291.0,22.0,6.0,0.0,0.0,0.0,100,Saturday
2020-06-14,212.0,23.0,6.0,0.0,0.0,0.0,101,Sunday
2020-06-15,567.0,24.0,6.0,1.0,0.0,2.0,102,Monday
2020-06-16,986.0,26.0,6.0,1.0,0.0,2.0,103,Tuesday
2020-06-17,952.0,34.0,6.0,1.0,0.0,0.0,104,Wednesday
2020-06-18,902.0,34.0,5.0,1.0,0.0,2.0,105,Thursday
2020-06-19,1147.0,35.0,7.0,1.0,0.0,5.0,106,Friday
2020-06-20,758.0,35.0,5.0,1.0,0.0,1.0,107,Saturday
2020-06-21,271.0,36.0,5.0,1.0,0.0,0.0,108,Sunday
2020-06-22,984.0,48.0,5.0,1.0,0.0,-1.0,109,Monday
2020-06-23,1222.0,52.0,4.0,1.0,2.0,2.0,110,Tuesday
2020-06-24,1212.0,58.0,5.0,2.0,0.0,0.0,111,Wednesday
2020-06-25,843.0,67.0,5.0,2.0,0.0,2.0,112,Thursday
2020-06-26,878.0,79.0,7.0,1.0,0.0,2.0,113,Friday
2020-06-27,625.0,85.0,8.0,0.0,0.0,3.0,114,Saturday
2020-06-28,300.0,88.0,7.0,0.0,0.0,1.0,115,Sunday
2020-06-29,1085.0,100.0,8.0,0.0,0.0,3.0,116,Monday
2020-06-30,1399.0,109.0,8.0,0.0,0.0,4.0,117,Tuesday
2020-07-01,1198.0,122.0,8.0,0.0,0.0,8.0,118,Wednesday
2020-07-02,1274.0,136.0,9.0,0.0,0.0,2.0,119,Thursday
2020-07-03,1456.0,160.0,10.0,0.0,0.0,6.0,120,Friday
2020-07-04,716.0,180.0,6.0,0.0,0.0,1.0,121,Saturday
2020-07-05,530.0,195.0,6.0,0.0,0.0,1.0,122,Sunday
2020-07-06,1325.0,205.0,11.0,0.0,0.0,13.0,123,Monday
2020-07-07,1607.0,223.0,12.0,0.0,0.0,6.0,124,Tuesday
2020-07-08,1271.0,230.0,14.0,0.0,0.0,6.0,125,Wednesday
2020-07-09,1390.0,236.0,15.0,0.0,0.0,11.0,126,Thursday
2020-07-10,1159.0,256.0,16.0,0.0,0.0,14.0,127,Friday
2020-07-11,560.0,262.0,16.0,0.0,0.0,9.0,128,Saturday
2020-07-12,440.0,266.0,15.0,1.0,0.0,4.0,129,Sunday
2020-07-13,1218.0,261.0,16.0,1.0,0.0,15.0,130,Monday
2020-07-14,1112.0,267.0,16.0,1.0,0.0,13.0,131,Tuesday
2020-07-15,1032.0,265.0,14.0,2.0,0.0,21.0,132,Wednesday
2020-07-16,1012.0,268.0,17.0,1.0,0.0,16.0,133,Thursday
2020-07-17,1027.0,262.0,18.0,1.0,0.0,30.0,134,Friday
2020-07-18,480.0,247.0,17.0,2.0,0.0,20.0,135,Saturday
2020-07-19,371.0,238.0,16.0,3.0,1.0,15.0,136,Sunday
2020-07-20,914.0,239.0,16.0,3.0,1.0,22.0,137,Monday
2020-07-21,1150.0,244.0,19.0,3.0,1.0,23.0,138,Tuesday
2020-07-22,935.0,258.0,20.0,2.0,1.0,13.0,139,Wednesday
2020-07-23,848.0,260.0,22.0,2.0,0.0,17.0,140,Thursday
2020-07-24,918.0,240.0,21.0,2.0,0.0,33.0,141,Friday
2020-07-25,565.0,241.0,15.0,4.0,1.0,15.0,142,Saturday
2020-07-26,335.0,238.0,17.0,4.0,0.0,8.0,143,Sunday
2020-07-27,874.0,242.0,17.0,3.0,0.0,9.0,144,Monday
2020-07-28,919.0,237.0,14.0,3.0,1.0,19.0,145,Tuesday
2020-07-29,879.0,242.0,17.0,4.0,0.0,18.0,146,Wednesday
2020-07-30,917.0,240.0,17.0,5.0,1.0,18.0,147,Thursday
2020-07-31,892.0,231.0,19.0,5.0,1.0,24.0,148,Friday
2020-08-01,374.0,234.0,17.0,5.0,0.0,5.0,149,Saturday
2020-08-02,272.0,228.0,20.0,2.0,1.0,5.0,150,Sunday
2020-08-03,890.0,213.0,19.0,1.0,2.0,23.0,151,Monday
2020-08-04,974.0,202.0,20.0,2.0,1.0,28.0,152,Tuesday
2020-08-05,771.0,190.0,19.0,3.0,1.0,26.0,153,Wednesday
2020-08-06,753.0,181.0,21.0,3.0,1.0,19.0,154,Thursday
2020-08-07,829.0,181.0,20.0,4.0,0.0,13.0,155,Friday
2020-08-08,304.0,167.0,19.0,3.0,1.0,15.0,156,Saturday
2020-08-09,322.0,168.0,21.0,3.0,1.0,4.0,157,Sunday
2020-08-10,1058.0,171.0,21.0,3.0,1.0,13.0,158,Monday
2020-08-11,1118.0,188.0,21.0,2.0,1.0,14.0,159,Tuesday
2020-08-12,856.0,193.0,21.0,2.0,0.0,24.0,160,Wednesday
2020-08-13,937.0,213.0,16.0,3.0,0.0,17.0,161,Thursday
2020-08-14,1034.0,230.0,15.0,3.0,0.0,15.0,162,Friday
2020-08-15,382.0,236.0,13.0,3.0,0.0,9.0,163,Saturday
2020-08-16,393.0,248.0,14.0,3.0,0.0,1.0,164,Sunday
2020-08-17,1143.0,266.0,16.0,3.0,0.0,9.0,165,Monday
2020-08-18,1092.0,285.0,13.0,3.0,0.0,18.0,166,Tuesday
2020-08-19,1168.0,313.0,14.0,3.0,0.0,15.0,167,Wednesday
2020-08-20,1096.0,341.0,15.0,2.0,0.0,9.0,168,Thursday
2020-08-21,1203.0,370.0,18.0,0.0,1.0,13.0,169,Friday
2020-08-22,760.0,402.0,18.0,0.0,1.0,2.0,170,Saturday
2020-08-23,543.0,410.0,17.0,0.0,0.0,4.0,171,Sunday
2020-08-24,1370.0,414.0,17.0,0.0,2.0,17.0,172,Monday
2020-08-25,1439.0,419.0,17.0,0.0,0.0,31.0,173,Tuesday
2020-08-26,1299.0,423.0,20.0,0.0,0.0,29.0,174,Wednesday
2020-08-27,1338.0,428.0,22.0,1.0,0.0,37.0,175,Thursday
2020-08-28,1328.0,433.0,21.0,1.0,0.0,32.0,176,Friday
2020-08-29,769.0,449.0,21.0,2.0,0.0,15.0,177,Saturday
2020-08-30,588.0,454.0,21.0,3.0,0.0,13.0,178,Sunday
2020-08-31,1415.0,468.0,22.0,3.0,0.0,27.0,179,Monday
2020-09-01,1608.0,486.0,22.0,3.0,0.0,36.0,180,Tuesday
2020-09-02,1653.0,496.0,22.0,4.0,1.0,43.0,181,Wednesday
2020-09-03,1733.0,505.0,22.0,4.0,0.0,38.0,182,Thursday
2020-09-04,1708.0,505.0,21.0,3.0,0.0,42.0,183,Friday
2020-09-05,1212.0,514.0,19.0,3.0,1.0,34.0,184,Saturday
2020-09-06,706.0,525.0,20.0,3.0,0.0,14.0,185,Sunday
2020-09-07,1581.0,547.0,22.0,4.0,0.0,21.0,186,Monday
2020-09-08,2560.0,590.0,24.0,4.0,0.0,36.0,187,Tuesday
2020-09-09,2489.0,635.0,23.0,4.0,0.0,33.0,188,Wednesday
2020-09-10,2758.0,701.0,21.0,5.0,0.0,42.0,189,Thursday
2020-09-11,3191.0,769.0,21.0,6.0,0.0,37.0,190,Friday
2020-09-12,1793.0,837.0,25.0,6.0,0.0,31.0,191,Saturday
2020-09-13,1110.0,866.0,31.0,7.0,0.0,18.0,192,Sunday
2020-09-14,2247.0,908.0,33.0,9.0,0.0,41.0,193,Monday
2020-09-15,3123.0,976.0,40.0,10.0,0.0,55.0,194,Tuesday
2020-09-16,3070.0,1027.0,50.0,11.0,0.0,52.0,195,Wednesday
2020-09-17,3557.0,1117.0,51.0,11.0,1.0,43.0,196,Thursday
2020-09-18,3070.0,1187.0,56.0,11.0,4.0,42.0,197,Friday
2020-09-19,2288.0,1255.0,57.0,10.0,1.0,42.0,198,Saturday
2020-09-20,984.0,1280.0,53.0,13.0,1.0,25.0,199,Sunday
2020-09-21,2335.0,1325.0,55.0,15.0,0.0,43.0,200,Monday
2020-09-22,2616.0,1382.0,58.0,13.0,0.0,78.0,201,Tuesday
2020-09-23,2848.0,1425.0,55.0,10.0,1.0,76.0,202,Wednesday
2020-09-24,3645.0,1510.0,50.0,13.0,2.0,108.0,203,Thursday
2020-09-25,2775.0,1589.0,45.0,15.0,0.0,104.0,204,Friday
2020-09-26,1917.0,1648.0,55.0,17.0,1.0,98.0,205,Saturday
2020-09-27,909.0,1640.0,63.0,17.0,1.0,45.0,206,Sunday
2020-09-28,2382.0,1656.0,63.0,16.0,2.0,83.0,207,Monday
2020-09-29,3391.0,1735.0,68.0,16.0,0.0,122.0,208,Tuesday
2020-09-30,2899.0,1806.0,70.0,16.0,1.0,102.0,209,Wednesday
2020-10-01,3281.0,1908.0,71.0,15.0,2.0,135.0,210,Thursday
2020-10-02,2893.0,2023.0,71.0,15.0,2.0,111.0,211,Friday
2020-10-03,1940.0,2080.0,79.0,15.0,2.0,111.0,212,Saturday
2020-10-04,1034.0,2105.0,85.0,16.0,0.0,49.0,213,Sunday
2020-10-05,2509.0,2207.0,86.0,21.0,1.0,85.0,214,Monday
2020-10-06,3998.0,2428.0,91.0,20.0,3.0,136.0,215,Tuesday
2020-10-07,3655.0,2695.0,100.0,22.0,0.0,120.0,216,Wednesday
2020-10-08,3682.0,2865.0,110.0,21.0,1.0,189.0,217,Thursday
2020-10-09,4362.0,3061.0,115.0,23.0,4.0,182.0,218,Friday
2020-10-10,2956.0,3314.0,128.0,21.0,2.0,158.0,219,Saturday
2020-10-11,1404.0,3444.0,131.0,27.0,0.0,37.0,220,Sunday
2020-10-12,3308.0,3744.0,146.0,26.0,2.0,95.0,221,Monday
2020-10-13,4902.0,4249.0,149.0,31.0,4.0,200.0,222,Tuesday
2020-10-14,5287.0,4822.0,175.0,35.0,2.0,174.0,223,Wednesday
2020-10-15,5196.0,5419.0,182.0,40.0,1.0,235.0,224,Thursday
2020-10-16,5605.0,6089.0,197.0,43.0,4.0,224.0,225,Friday
2020-10-17,3765.0,6648.0,206.0,44.0,4.0,164.0,226,Saturday
2020-10-18,2637.0,7110.0,215.0,50.0,4.0,73.0,227,Sunday
2020-10-19,4326.0,7722.0,235.0,56.0,2.0,188.0,228,Monday
2020-10-20,5891.0,8870.0,258.0,55.0,2.0,347.0,229,Tuesday
2020-10-21,6215.0,10152.0,278.0,55.0,10.0,379.0,230,Wednesday
2020-10-22,6745.0,11450.0,294.0,62.0,9.0,358.0,231,Thursday
2020-10-23,7025.0,13039.0,329.0,65.0,5.0,361.0,232,Friday
2020-10-24,5776.0,14330.0,383.0,66.0,19.0,405.0,233,Saturday
2020-10-25,3682.0,15279.0,435.0,73.0,6.0,159.0,234,Sunday
2020-10-26,5756.0,16382.0,441.0,82.0,10.0,386.0,235,Monday
2020-10-27,7471.0,18286.0,472.0,88.0,13.0,693.0,236,Tuesday
2020-10-28,7202.0,20030.0,510.0,102.0,14.0,734.0,237,Wednesday
2020-10-29,6368.0,20994.0,546.0,114.0,14.0,813.0,238,Thursday
2020-10-30,6710.0,21893.0,580.0,123.0,23.0,875.0,239,Friday
2020-10-31,4807.0,22513.0,656.0,123.0,23.0,702.0,240,Saturday
2020-11-01,2244.0,22533.0,690.0,131.0,25.0,512.0,241,Sunday
2020-11-02,4587.0,22908.0,728.0,140.0,25.0,778.0,242,Monday
2020-11-03,6311.0,23435.0,779.0,146.0,24.0,1476.0,243,Tuesday
2020-11-04,5991.0,23456.0,824.0,155.0,29.0,1640.0,244,Wednesday
2020-11-05,5895.0,23362.0,858.0,165.0,30.0,1635.0,245,Thursday
2020-11-06,6340.0,23006.0,904.0,165.0,26.0,1935.0,246,Friday
2020-11-07,3918.0,22195.0,910.0,174.0,34.0,1679.0,247,Saturday
2020-11-08,2063.0,21543.0,950.0,175.0,23.0,1094.0,248,Sunday
2020-11-09,4457.0,21130.0,954.0,189.0,24.0,1475.0,249,Monday
2020-11-10,7515.0,20747.0,978.0,193.0,27.0,2571.0,250,Tuesday
2020-11-11,6767.0,20187.0,994.0,198.0,40.0,2451.0,251,Wednesday
2020-11-12,5762.0,19903.0,1017.0,193.0,41.0,1762.0,252,Thursday
2020-11-13,6657.0,19846.0,999.0,200.0,38.0,1756.0,253,Friday
2020-11-14,3563.0,19421.0,1023.0,201.0,41.0,1315.0,254,Saturday
2020-11-15,1792.0,19364.0,1063.0,198.0,32.0,523.0,255,Sunday
2020-11-16,5326.0,19580.0,1059.0,205.0,34.0,1132.0,256,Monday
2020-11-17,6813.0,19566.0,1069.0,206.0,45.0,1989.0,257,Tuesday
2020-11-18,6806.0,19943.0,1073.0,207.0,43.0,1646.0,258,Wednesday
2020-11-19,5673.0,19925.0,1041.0,197.0,45.0,1536.0,259,Thursday
2020-11-20,6580.0,20003.0,1059.0,195.0,31.0,1582.0,260,Friday
2020-11-21,3434.0,20137.0,1026.0,193.0,31.0,865.0,261,Saturday
2020-11-22,1742.0,20142.0,1049.0,195.0,26.0,421.0,262,Sunday
2020-11-23,5596.0,20361.0,1091.0,201.0,45.0,1030.0,263,Monday
2020-11-24,8063.0,20367.0,1097.0,202.0,59.0,2185.0,264,Tuesday
2020-11-25,7396.0,20217.0,1098.0,199.0,43.0,1886.0,265,Wednesday
2020-11-26,6587.0,20313.0,1096.0,206.0,46.0,1468.0,266,Thursday
2020-11-27,6938.0,20174.0,1129.0,195.0,48.0,1697.0,267,Friday
2020-11-28,3644.0,20361.0,1070.0,187.0,43.0,874.0,268,Saturday
2020-11-29,1875.0,20288.0,1086.0,192.0,48.0,449.0,269,Sunday
2020-11-30,5868.0,20194.0,1097.0,201.0,51.0,1338.0,270,Monday
2020-12-01,7178.0,20614.0,1091.0,208.0,55.0,1961.0,271,Tuesday
2020-12-02,6704.0,20322.0,1088.0,197.0,57.0,2023.0,272,Wednesday
2020-12-03,6928.0,20559.0,1094.0,195.0,45.0,1488.0,273,Thursday
2020-12-04,6344.0,20515.0,1087.0,197.0,61.0,1644.0,274,Friday
2020-12-05,3744.0,20523.0,1081.0,191.0,47.0,981.0,275,Saturday
2020-12-06,1751.0,20532.0,1108.0,194.0,44.0,419.0,276,Sunday
2020-12-07,6158.0,20854.0,1110.0,191.0,52.0,1242.0,277,Monday
2020-12-08,7003.0,20760.0,1115.0,189.0,66.0,2196.0,278,Tuesday
2020-12-09,6410.0,20830.0,1086.0,196.0,38.0,1733.0,279,Wednesday
2020-12-10,6453.0,21034.0,1071.0,187.0,49.0,1563.0,280,Thursday
2020-12-11,6127.0,21183.0,1075.0,193.0,49.0,1558.0,281,Friday
2020-12-12,2648.0,20908.0,1087.0,189.0,43.0,1087.0,282,Saturday
2020-12-13,1679.0,20914.0,1118.0,197.0,22.0,383.0,283,Sunday
2020-12-14,5634.0,21147.0,1115.0,205.0,44.0,1255.0,284,Monday
2020-12-15,6579.0,20821.0,1083.0,201.0,44.0,2396.0,285,Tuesday
2020-12-16,6350.0,20693.0,1047.0,204.0,42.0,1733.0,286,Wednesday
2020-12-17,5862.0,20424.0,1027.0,202.0,43.0,1744.0,287,Thursday
2020-12-18,5600.0,20207.0,1008.0,204.0,42.0,1607.0,288,Friday
2020-12-19,2646.0,20056.0,999.0,200.0,40.0,993.0,289,Saturday
2020-12-20,1446.0,19972.0,1015.0,199.0,40.0,455.0,290,Sunday
2020-12-21,5763.0,19893.0,1065.0,206.0,25.0,1591.0,291,Monday
2020-12-22,6524.0,19910.0,1054.0,207.0,39.0,2104.0,292,Tuesday
2020-12-23,6385.0,20122.0,1021.0,205.0,36.0,1825.0,293,Wednesday
2020-12-24,5187.0,20118.0,981.0,208.0,27.0,1787.0,294,Thursday
2020-12-25,1336.0,18737.0,942.0,200.0,29.0,1725.0,295,Friday
2020-12-26,1880.0,18526.0,958.0,207.0,25.0,800.0,296,Saturday
2020-12-27,1664.0,18626.0,974.0,205.0,34.0,403.0,297,Sunday
2020-12-28,5677.0,19086.0,1018.0,203.0,30.0,1497.0,298,Monday
2020-12-29,5764.0,19404.0,969.0,201.0,35.0,2078.0,299,Tuesday
2020-12-30,6011.0,20185.0,967.0,205.0,34.0,1616.0,300,Wednesday
2020-12-31,4073.0,20440.0,983.0,191.0,32.0,1486.0,301,Thursday
2021-01-01,1419.0,19409.0,926.0,184.0,31.0,1391.0,302,Friday
2021-01-02,2304.0,19289.0,927.0,184.0,39.0,853.0,303,Saturday
2021-01-03,2041.0,19659.0,987.0,186.0,29.0,361.0,304,Sunday
2021-01-04,5966.0,20713.0,1018.0,191.0,35.0,1521.0,305,Monday
2021-01-05,6956.0,21984.0,1009.0,184.0,30.0,2126.0,306,Tuesday
2021-01-06,6370.0,22617.0,990.0,187.0,31.0,2041.0,307,Wednesday
2021-01-07,5259.0,22889.0,982.0,187.0,23.0,1787.0,308,Thursday
2021-01-08,4895.0,24382.0,972.0,188.0,25.0,343.0,309,Friday
2021-01-09,2669.0,24523.0,954.0,189.0,26.0,598.0,310,Saturday
2021-01-10,1720.0,24416.0,992.0,200.0,25.0,509.0,311,Sunday
2021-01-11,5512.0,24334.0,1008.0,197.0,24.0,1961.0,312,Monday
2021-01-12,6193.0,24009.0,1013.0,189.0,31.0,2413.0,313,Tuesday
2021-01-13,5637.0,23388.0,1043.0,201.0,17.0,2406.0,314,Wednesday
2021-01-14,4897.0,23117.0,1070.0,196.0,23.0,1744.0,315,Thursday
2021-01-15,4763.0,24268.0,1072.0,194.0,28.0,380.0,316,Friday
2021-01-16,2497.0,24081.0,1035.0,189.0,19.0,722.0,317,Saturday
2021-01-17,1404.0,23615.0,1033.0,187.0,40.0,740.0,318,Sunday
2021-01-18,5306.0,22717.0,1057.0,180.0,26.0,2580.0,319,Monday
2021-01-19,5384.0,21007.0,1016.0,184.0,25.0,3402.0,320,Tuesday
2021-01-20,4813.0,19768.0,1000.0,178.0,26.0,2670.0,321,Wednesday
2021-01-21,4872.0,19145.0,978.0,181.0,27.0,2059.0,322,Thursday
2021-01-22,4405.0,18804.0,957.0,183.0,25.0,1842.0,323,Friday
2021-01-23,2140.0,18581.0,944.0,185.0,20.0,733.0,324,Saturday
2021-01-24,1293.0,18452.0,965.0,184.0,31.0,407.0,325,Sunday
2021-01-25,4700.0,18224.0,985.0,188.0,19.0,1883.0,326,Monday
2021-01-26,5418.0,17996.0,976.0,181.0,27.0,2086.0,327,Tuesday
2021-01-27,4958.0,17729.0,976.0,168.0,19.0,1785.0,328,Wednesday
2021-01-28,4506.0,17533.0,937.0,169.0,23.0,1481.0,329,Thursday
2021-01-29,4299.0,17285.0,914.0,168.0,20.0,1528.0,330,Friday
2021-01-30,2408.0,17297.0,886.0,161.0,22.0,562.0,331,Saturday
2021-01-31,1461.0,17345.0,888.0,165.0,13.0,281.0,332,Sunday
2021-02-01,4536.0,17154.0,895.0,171.0,19.0,1688.0,333,Monday
2021-02-02,5709.0,17003.0,864.0,168.0,19.0,1695.0,334,Tuesday
2021-02-03,5160.0,16812.0,849.0,163.0,23.0,1442.0,335,Wednesday
2021-02-04,5247.0,16311.0,824.0,165.0,16.0,1447.0,336,Thursday
2021-02-05,4541.0,15774.0,827.0,161.0,14.0,1503.0,337,Friday
2021-02-06,2497.0,15731.0,770.0,156.0,18.0,530.0,338,Saturday
2021-02-07,1565.0,15742.0,774.0,157.0,11.0,285.0,339,Sunday
2021-02-08,1493.0,14398.0,786.0,160.0,12.0,1663.0,340,Monday
2021-02-09,5061.0,13890.0,786.0,159.0,19.0,1864.0,341,Tuesday
2021-02-10,5482.0,13687.0,708.0,156.0,13.0,1531.0,342,Wednesday
2021-02-11,5151.0,13429.0,673.0,155.0,10.0,1290.0,343,Thursday
2021-02-12,4458.0,13120.0,636.0,153.0,15.0,1289.0,344,Friday
2021-02-13,2224.0,12920.0,592.0,146.0,13.0,575.0,345,Saturday
2021-02-14,1633.0,12816.0,603.0,137.0,12.0,337.0,346,Sunday
2021-02-15,4414.0,12046.0,604.0,134.0,11.0,1511.0,347,Monday
2021-02-16,5140.0,11579.0,565.0,126.0,5.0,1555.0,348,Tuesday
2021-02-17,4271.0,11187.0,521.0,127.0,12.0,1257.0,349,Wednesday
2021-02-18,4556.0,11138.0,503.0,116.0,10.0,953.0,350,Thursday
2021-02-19,4397.0,11114.0,508.0,115.0,7.0,977.0,351,Friday
2021-02-20,2067.0,11035.0,470.0,109.0,7.0,491.0,352,Saturday
2021-02-21,1428.0,10977.0,463.0,103.0,7.0,300.0,353,Sunday
2021-02-22,4369.0,11542.0,480.0,104.0,8.0,330.0,354,Monday
2021-02-23,5316.0,11268.0,460.0,107.0,8.0,1359.0,355,Tuesday
2021-02-24,4565.0,10789.0,442.0,104.0,10.0,1331.0,356,Wednesday
2021-02-25,4484.0,10662.0,443.0,103.0,7.0,1033.0,357,Thursday
2021-02-26,4861.0,10618.0,436.0,93.0,14.0,980.0,358,Friday
2021-02-27,2611.0,10686.0,418.0,95.0,13.0,380.0,359,Saturday
2021-02-28,1451.0,10688.0,436.0,93.0,7.0,233.0,360,Sunday
2021-03-01,4487.0,10672.0,452.0,91.0,11.0,737.0,361,Monday
2021-03-02,6231.0,10784.0,443.0,85.0,9.0,1089.0,362,Tuesday
2021-03-03,5838.0,10931.0,434.0,82.0,11.0,871.0,363,Wednesday
2021-03-04,5440.0,10905.0,426.0,85.0,4.0,907.0,364,Thursday
2021-03-05,5288.0,10871.0,437.0,84.0,4.0,954.0,365,Friday
2021-03-06,2785.0,10836.0,410.0,88.0,6.0,416.0,366,Saturday
2021-03-07,1681.0,10797.0,422.0,88.0,3.0,244.0,367,Sunday
2021-03-08,4700.0,10637.0,436.0,91.0,6.0,896.0,368,Monday
2021-03-09,6017.0,10502.0,416.0,90.0,7.0,1091.0,369,Tuesday
2021-03-10,5794.0,10505.0,394.0,91.0,4.0,849.0,370,Wednesday
2021-03-11,5222.0,10357.0,364.0,89.0,10.0,912.0,371,Thursday
2021-03-12,5167.0,10260.0,354.0,83.0,8.0,946.0,372,Friday
2021-03-13,2984.0,10287.0,347.0,84.0,3.0,450.0,373,Saturday
2021-03-14,1625.0,10246.0,355.0,83.0,5.0,242.0,374,Sunday
2021-03-15,4842.0,10437.0,376.0,87.0,4.0,727.0,375,Monday
2021-03-16,5989.0,10339.0,367.0,84.0,3.0,1205.0,376,Tuesday
2021-03-17,5442.0,10293.0,361.0,83.0,7.0,1019.0,377,Wednesday
2021-03-18,5502.0,10352.0,377.0,85.0,3.0,875.0,378,Thursday
2021-03-19,5651.0,10460.0,397.0,88.0,10.0,920.0,379,Friday
2021-03-20,2849.0,10594.0,370.0,88.0,6.0,379.0,380,Saturday
2021-03-21,1842.0,10673.0,380.0,93.0,5.0,207.0,381,Sunday
2021-03-22,5022.0,10918.0,398.0,96.0,4.0,734.0,382,Monday
2021-03-23,6979.0,11247.0,410.0,97.0,9.0,951.0,383,Tuesday
2021-03-24,6432.0,11548.0,402.0,98.0,9.0,858.0,384,Wednesday
2021-03-25,6646.0,11813.0,395.0,106.0,4.0,762.0,385,Thursday
2021-03-26,6767.0,12213.0,394.0,106.0,10.0,849.0,386,Friday
2021-03-27,3462.0,12372.0,393.0,104.0,3.0,475.0,387,Saturday
2021-03-28,1774.0,12456.0,395.0,104.0,7.0,199.0,388,Sunday
2021-03-29,5513.0,12619.0,416.0,110.0,6.0,905.0,389,Monday
2021-03-30,7281.0,13077.0,413.0,102.0,16.0,1107.0,390,Tuesday
2021-03-31,5698.0,13441.0,392.0,108.0,7.0,969.0,391,Wednesday
2021-04-01,5427.0,13669.0,412.0,106.0,7.0,935.0,392,Thursday
2021-04-02,5052.0,13935.0,399.0,116.0,9.0,1029.0,393,Friday
2021-04-03,2825.0,14138.0,408.0,123.0,5.0,511.0,394,Saturday
2021-04-04,1568.0,14131.0,411.0,123.0,7.0,283.0,395,Sunday
2021-04-05,1927.0,13416.0,430.0,126.0,7.0,981.0,396,Monday
2021-04-06,4889.0,13320.0,440.0,133.0,7.0,1286.0,397,Tuesday
2021-04-07,5436.0,13688.0,450.0,131.0,3.0,1158.0,398,Wednesday
2021-04-08,5265.0,13935.0,470.0,129.0,5.0,1034.0,399,Thursday
2021-04-09,4811.0,13940.0,480.0,138.0,3.0,1240.0,400,Friday
2021-04-10,2895.0,13848.0,465.0,140.0,12.0,634.0,401,Saturday
2021-04-11,1521.0,13850.0,476.0,139.0,7.0,282.0,402,Sunday
2021-04-12,4707.0,13816.0,495.0,141.0,7.0,1080.0,403,Monday
2021-04-13,5377.0,13480.0,472.0,145.0,4.0,1567.0,404,Tuesday
2021-04-14,4359.0,13034.0,469.0,153.0,5.0,1333.0,405,Wednesday
2021-04-15,4315.0,12724.0,475.0,149.0,7.0,1167.0,406,Thursday
2021-04-16,3845.0,12196.0,487.0,152.0,5.0,1294.0,407,Friday
2021-04-17,2641.0,11951.0,479.0,150.0,6.0,715.0,408,Saturday
2021-04-18,1644.0,11901.0,479.0,152.0,6.0,275.0,409,Sunday
2021-04-19,3643.0,12354.0,497.0,155.0,8.0,268.0,410,Monday
2021-04-20,4892.0,12201.0,493.0,156.0,5.0,1189.0,411,Tuesday
2021-04-21,4325.0,11414.0,478.0,153.0,4.0,1520.0,412,Wednesday
2021-04-22,5372.0,11031.0,466.0,154.0,11.0,1276.0,413,Thursday
2021-04-23,5180.0,10605.0,472.0,157.0,8.0,1249.0,414,Friday
2021-04-24,2690.0,10473.0,459.0,159.0,8.0,544.0,415,Saturday
2021-04-25,1354.0,10374.0,474.0,156.0,5.0,285.0,416,Sunday
2021-04-26,3653.0,10134.0,487.0,156.0,6.0,1043.0,417,Monday
2021-04-27,2008.0,9302.0,489.0,160.0,7.0,1221.0,418,Tuesday
2021-04-28,3937.0,9329.0,467.0,154.0,15.0,887.0,419,Wednesday
2021-04-29,4442.0,9416.0,483.0,153.0,7.0,855.0,420,Thursday
2021-04-30,4197.0,9663.0,474.0,152.0,7.0,764.0,421,Friday
2021-05-01,1827.0,9554.0,464.0,152.0,8.0,471.0,422,Saturday
2021-05-02,1380.0,9531.0,454.0,151.0,5.0,227.0,423,Sunday
2021-05-03,4024.0,9698.0,460.0,148.0,6.0,722.0,424,Monday
2021-05-04,4750.0,9588.0,441.0,143.0,4.0,1034.0,425,Tuesday
2021-05-05,4228.0,9621.0,420.0,140.0,6.0,741.0,426,Wednesday
2021-05-06,4029.0,9329.0,411.0,140.0,3.0,898.0,427,Thursday
2021-05-07,4327.0,9132.0,397.0,141.0,3.0,830.0,428,Friday
2021-05-08,2406.0,9006.0,376.0,127.0,1.0,410.0,429,Saturday
2021-05-09,1310.0,8960.0,370.0,129.0,7.0,186.0,430,Sunday
2021-05-10,3722.0,8641.0,377.0,132.0,6.0,807.0,431,Monday
2021-05-11,4700.0,8967.0,346.0,131.0,3.0,402.0,432,Tuesday
2021-05-12,4636.0,8645.0,336.0,127.0,2.0,917.0,433,Wednesday
2021-05-13,3962.0,8168.0,327.0,123.0,4.0,943.0,434,Thursday
2021-05-14,4177.0,7645.0,319.0,124.0,6.0,1013.0,435,Friday
2021-05-15,2471.0,7571.0,300.0,121.0,6.0,363.0,436,Saturday
2021-05-16,1504.0,7476.0,288.0,120.0,4.0,207.0,437,Sunday
2021-05-17,4233.0,7080.0,285.0,122.0,3.0,887.0,438,Monday
2021-05-18,4469.0,6688.0,270.0,113.0,6.0,925.0,439,Tuesday
2021-05-19,3852.0,6269.0,257.0,111.0,5.0,770.0,440,Wednesday
2021-05-20,4136.0,5994.0,251.0,111.0,7.0,606.0,441,Thursday
2021-05-21,4045.0,5742.0,242.0,106.0,3.0,633.0,442,Friday
2021-05-22,2118.0,5609.0,221.0,98.0,1.0,287.0,443,Saturday
2021-05-23,1405.0,5547.0,207.0,99.0,4.0,144.0,444,Sunday
2021-05-24,3565.0,5379.0,220.0,96.0,2.0,488.0,445,Monday
2021-05-25,4242.0,5040.0,203.0,92.0,3.0,725.0,446,Tuesday
2021-05-26,4018.0,4808.0,192.0,85.0,5.0,596.0,447,Wednesday
2021-05-27,3592.0,4625.0,185.0,80.0,3.0,468.0,448,Thursday
2021-05-28,3715.0,4485.0,173.0,79.0,4.0,494.0,449,Friday
2021-05-29,1854.0,4329.0,157.0,76.0,2.0,291.0,450,Saturday
2021-05-30,1503.0,4306.0,165.0,77.0,2.0,114.0,451,Sunday
2021-05-31,3381.0,4132.0,172.0,73.0,1.0,496.0,452,Monday
2021-06-01,4174.0,3967.0,159.0,68.0,1.0,534.0,453,Tuesday
2021-06-02,3841.0,3882.0,151.0,63.0,4.0,355.0,454,Wednesday
2021-06-03,3927.0,3828.0,151.0,62.0,3.0,332.0,455,Thursday
2021-06-04,3478.0,3693.0,144.0,61.0,2.0,380.0,456,Friday
2021-06-05,2257.0,3692.0,148.0,53.0,2.0,157.0,457,Saturday
2021-06-06,1329.0,3666.0,149.0,49.0,1.0,82.0,458,Sunday
2021-06-07,3053.0,3563.0,152.0,51.0,2.0,322.0,459,Monday
2021-06-08,3508.0,3426.0,144.0,51.0,1.0,390.0,460,Tuesday
2021-06-09,3036.0,3254.0,141.0,47.0,1.0,366.0,461,Wednesday
2021-06-10,2737.0,3088.0,124.0,48.0,1.0,284.0,462,Thursday
2021-06-11,2700.0,2858.0,119.0,46.0,5.0,353.0,463,Friday
2021-06-12,1376.0,2812.0,96.0,42.0,3.0,134.0,464,Saturday
2021-06-13,1024.0,2744.0,91.0,44.0,3.0,90.0,465,Sunday
2021-06-14,2332.0,2534.0,92.0,42.0,2.0,321.0,466,Monday
2021-06-15,2654.0,2278.0,82.0,40.0,2.0,372.0,467,Tuesday
2021-06-16,2344.0,2089.0,83.0,38.0,1.0,273.0,468,Wednesday
2021-06-17,2418.0,1898.0,75.0,37.0,0.0,278.0,469,Thursday
2021-06-18,2255.0,1735.0,70.0,39.0,2.0,246.0,470,Friday
2021-06-19,1067.0,1604.0,64.0,37.0,1.0,157.0,471,Saturday
2021-06-20,810.0,1565.0,65.0,37.0,0.0,55.0,472,Sunday
2021-06-21,2194.0,1412.0,70.0,35.0,3.0,219.0,473,Monday
2021-06-22,2090.0,1212.0,59.0,33.0,1.0,253.0,474,Tuesday
2021-06-23,2163.0,1060.0,54.0,29.0,1.0,195.0,475,Wednesday
2021-06-24,2172.0,983.0,52.0,28.0,0.0,123.0,476,Thursday
2021-06-25,957.0,868.0,48.0,26.0,0.0,124.0,477,Friday
2021-06-26,861.0,796.0,51.0,23.0,2.0,91.0,478,Saturday
2021-06-27,657.0,783.0,53.0,22.0,0.0,24.0,479,Sunday
2021-06-28,1657.0,706.0,52.0,22.0,0.0,113.0,480,Monday
2021-06-29,2039.0,636.0,52.0,19.0,0.0,117.0,481,Tuesday
2021-06-30,1633.0,575.0,52.0,16.0,0.0,84.0,482,Wednesday
2021-07-01,1662.0,510.0,51.0,15.0,0.0,89.0,483,Thursday
2021-07-02,1520.0,456.0,49.0,15.0,0.0,84.0,484,Friday
2021-07-03,850.0,439.0,46.0,15.0,0.0,26.0,485,Saturday
2021-07-04,605.0,428.0,44.0,16.0,0.0,18.0,486,Sunday
2021-07-05,1703.0,409.0,43.0,15.0,1.0,66.0,487,Monday
2021-07-06,2115.0,428.0,45.0,14.0,1.0,53.0,488,Tuesday
2021-07-07,1720.0,454.0,42.0,10.0,1.0,42.0,489,Wednesday
2021-07-08,1704.0,489.0,38.0,9.0,1.0,46.0,490,Thursday
2021-07-09,1641.0,559.0,32.0,9.0,0.0,11.0,491,Friday
2021-07-10,774.0,564.0,34.0,9.0,0.0,19.0,492,Saturday
2021-07-11,570.0,564.0,34.0,9.0,0.0,9.0,493,Sunday
2021-07-12,1854.0,612.0,32.0,9.0,2.0,36.0,494,Monday
2021-07-13,1758.0,648.0,29.0,10.0,0.0,47.0,495,Tuesday
2021-07-14,1694.0,681.0,24.0,10.0,0.0,23.0,496,Wednesday
2021-07-15,1685.0,720.0,22.0,10.0,0.0,24.0,497,Thursday
2021-07-16,1733.0,751.0,20.0,10.0,0.0,30.0,498,Friday
2021-07-17,819.0,763.0,18.0,10.0,0.0,9.0,499,Saturday
2021-07-18,591.0,764.0,19.0,10.0,0.0,8.0,500,Sunday
2021-07-19,1737.0,805.0,20.0,10.0,0.0,48.0,501,Monday
2021-07-20,1807.0,842.0,19.0,9.0,0.0,73.0,502,Tuesday
2021-07-21,1448.0,843.0,19.0,8.0,0.0,68.0,503,Wednesday
2021-07-22,1641.0,820.0,20.0,7.0,1.0,81.0,504,Thursday
2021-07-23,1867.0,832.0,21.0,8.0,0.0,80.0,505,Friday
2021-07-24,740.0,840.0,21.0,8.0,1.0,23.0,506,Saturday
2021-07-25,593.0,850.0,21.0,8.0,1.0,11.0,507,Sunday
2021-07-26,1652.0,872.0,21.0,8.0,0.0,84.0,508,Monday
2021-07-27,1587.0,874.0,21.0,7.0,0.0,83.0,509,Tuesday
2021-07-28,1480.0,917.0,21.0,7.0,0.0,56.0,510,Wednesday
2021-07-29,1690.0,971.0,21.0,8.0,0.0,63.0,511,Thursday
2021-07-30,1678.0,1045.0,21.0,9.0,0.0,60.0,512,Friday
2021-07-31,764.0,1082.0,20.0,9.0,1.0,21.0,513,Saturday
2021-08-01,648.0,1104.0,21.0,8.0,0.0,9.0,514,Sunday
2021-08-02,1777.0,1196.0,22.0,9.0,0.0,89.0,515,Monday
2021-08-03,1590.0,1225.0,21.0,9.0,0.0,110.0,516,Tuesday
2021-08-04,1614.0,1294.0,22.0,8.0,0.0,70.0,517,Wednesday
2021-08-05,1775.0,1379.0,20.0,8.0,0.0,57.0,518,Thursday
2021-08-06,1578.0,1420.0,22.0,7.0,1.0,92.0,519,Friday
2021-08-07,778.0,1455.0,24.0,8.0,1.0,30.0,520,Saturday
2021-08-08,671.0,1480.0,24.0,7.0,2.0,21.0,521,Sunday
2021-08-09,1857.0,1593.0,25.0,7.0,0.0,106.0,522,Monday
2021-08-10,1977.0,1755.0,29.0,7.0,0.0,85.0,523,Tuesday
2021-08-11,1831.0,1906.0,29.0,7.0,0.0,99.0,524,Wednesday
2021-08-12,1844.0,1988.0,33.0,7.0,0.0,117.0,525,Thursday
2021-08-13,1872.0,2117.0,36.0,6.0,0.0,135.0,526,Friday
2021-08-14,921.0,2156.0,35.0,7.0,0.0,58.0,527,Saturday
2021-08-15,803.0,2182.0,35.0,8.0,0.0,31.0,528,Sunday
2021-08-16,2062.0,2319.0,36.0,9.0,0.0,181.0,529,Monday
2021-08-17,2238.0,2567.0,39.0,10.0,0.0,136.0,530,Tuesday
2021-08-18,2238.0,2810.0,49.0,8.0,3.0,137.0,531,Wednesday
2021-08-19,2481.0,3002.0,47.0,9.0,2.0,143.0,532,Thursday
2021-08-20,2121.0,3256.0,43.0,11.0,0.0,134.0,533,Friday
2021-08-21,1399.0,3435.0,52.0,14.0,0.0,65.0,534,Saturday
2021-08-22,755.0,3506.0,50.0,16.0,2.0,45.0,535,Sunday
2021-08-23,2489.0,3763.0,58.0,17.0,1.0,218.0,536,Monday
2021-08-24,2806.0,4025.0,68.0,18.0,1.0,246.0,537,Tuesday
2021-08-25,2935.0,4286.0,71.0,18.0,1.0,249.0,538,Wednesday
2021-08-26,2955.0,4631.0,87.0,18.0,1.0,197.0,539,Thursday
2021-08-27,3104.0,4907.0,97.0,20.0,2.0,262.0,540,Friday
2021-08-28,1396.0,5087.0,101.0,20.0,2.0,97.0,541,Saturday
2021-08-29,888.0,5174.0,108.0,21.0,0.0,56.0,542,Sunday
2021-08-30,2919.0,5397.0,117.0,24.0,1.0,317.0,543,Monday
2021-08-31,3790.0,5782.0,117.0,29.0,1.0,387.0,544,Tuesday
2021-09-01,3613.0,6068.0,125.0,34.0,0.0,379.0,545,Wednesday
2021-09-02,3303.0,6344.0,123.0,39.0,3.0,335.0,546,Thursday
2021-09-03,3757.0,6699.0,138.0,42.0,0.0,386.0,547,Friday
2021-09-04,1710.0,6771.0,147.0,42.0,2.0,246.0,548,Saturday
2021-09-05,1429.0,6890.0,168.0,41.0,0.0,116.0,549,Sunday
2021-09-06,3947.0,7295.0,168.0,47.0,1.0,474.0,550,Monday
2021-09-07,5161.0,7881.0,179.0,50.0,2.0,506.0,551,Tuesday
2021-09-08,4924.0,8389.0,185.0,58.0,3.0,510.0,552,Wednesday
2021-09-09,5188.0,8844.0,209.0,60.0,1.0,540.0,553,Thursday
2021-09-10,5491.0,9392.0,220.0,58.0,4.0,537.0,554,Friday
2021-09-11,2723.0,9675.0,214.0,60.0,3.0,277.0,555,Saturday
2021-09-12,1657.0,9816.0,227.0,65.0,0.0,143.0,556,Sunday
2021-09-13,5668.0,10669.0,246.0,66.0,1.0,538.0,557,Monday
2021-09-14,6747.0,11262.0,262.0,71.0,3.0,766.0,558,Tuesday
2021-09-15,6707.0,11921.0,276.0,71.0,6.0,661.0,559,Wednesday
2021-09-16,6534.0,12455.0,263.0,78.0,7.0,605.0,560,Thursday
2021-09-17,6255.0,12965.0,264.0,84.0,6.0,741.0,561,Friday
2021-09-18,2579.0,13192.0,272.0,88.0,2.0,314.0,562,Saturday
2021-09-19,1706.0,13248.0,266.0,94.0,4.0,231.0,563,Sunday
2021-09-20,5729.0,13675.0,266.0,98.0,5.0,878.0,564,Monday
2021-09-21,5937.0,13769.0,277.0,101.0,3.0,1085.0,565,Tuesday
2021-09-22,5620.0,13762.0,285.0,103.0,10.0,1014.0,566,Wednesday
2021-09-23,5472.0,13704.0,290.0,101.0,5.0,994.0,567,Thursday
2021-09-24,5537.0,13623.0,301.0,103.0,5.0,1082.0,568,Friday
2021-09-25,2316.0,13510.0,279.0,102.0,6.0,555.0,569,Saturday
2021-09-26,1443.0,13511.0,293.0,104.0,5.0,278.0,570,Sunday
2021-09-27,4790.0,13158.0,320.0,106.0,7.0,1385.0,571,Monday
2021-09-28,6411.0,13135.0,315.0,104.0,9.0,1361.0,572,Tuesday
2021-09-29,5756.0,12836.0,291.0,112.0,4.0,1323.0,573,Wednesday
2021-09-30,5335.0,12664.0,313.0,107.0,4.0,1141.0,574,Thursday
2021-10-01,5002.0,12404.0,305.0,114.0,4.0,1249.0,575,Friday
2021-10-02,2443.0,12392.0,302.0,120.0,4.0,540.0,576,Saturday
2021-10-03,1201.0,12325.0,303.0,121.0,5.0,285.0,577,Sunday
2021-10-04,4787.0,11997.0,311.0,120.0,7.0,1300.0,578,Monday
2021-10-05,6177.0,12017.0,306.0,120.0,8.0,1181.0,579,Tuesday
2021-10-06,5340.0,11974.0,287.0,113.0,8.0,1009.0,580,Wednesday
2021-10-07,4713.0,11875.0,300.0,113.0,3.0,939.0,581,Thursday
2021-10-08,4615.0,11751.0,299.0,114.0,2.0,1002.0,582,Friday
2021-10-09,2049.0,11793.0,308.0,115.0,5.0,441.0,583,Saturday
2021-10-10,1012.0,11695.0,300.0,117.0,6.0,282.0,584,Sunday
2021-10-11,4562.0,11659.0,305.0,117.0,4.0,1040.0,585,Monday
2021-10-12,5692.0,11546.0,314.0,114.0,1.0,1337.0,586,Tuesday
2021-10-13,5379.0,11600.0,299.0,121.0,5.0,1024.0,587,Wednesday
2021-10-14,5141.0,11732.0,290.0,116.0,4.0,969.0,588,Thursday
2021-10-15,5724.0,12177.0,287.0,116.0,4.0,989.0,589,Friday
2021-10-16,2279.0,12276.0,282.0,116.0,4.0,530.0,590,Saturday
2021-10-17,1357.0,12415.0,290.0,121.0,3.0,222.0,591,Sunday
2021-10-18,5237.0,13108.0,299.0,119.0,3.0,976.0,592,Monday
2021-10-19,7370.0,14054.0,301.0,120.0,4.0,1200.0,593,Tuesday
2021-10-20,6645.0,14938.0,308.0,119.0,9.0,962.0,594,Wednesday
2021-10-21,6875.0,16065.0,303.0,118.0,7.0,833.0,595,Thursday
2021-10-22,7509.0,17454.0,319.0,121.0,9.0,875.0,596,Friday
2021-10-23,4458.0,18463.0,338.0,117.0,8.0,484.0,597,Saturday
2021-10-24,2084.0,18983.0,351.0,124.0,5.0,177.0,598,Sunday
2021-10-25,6076.0,20274.0,369.0,124.0,11.0,995.0,599,Monday
2021-10-26,8313.0,22183.0,382.0,128.0,10.0,1220.0,600,Tuesday
2021-10-27,7332.0,23733.0,396.0,130.0,9.0,1072.0,601,Wednesday
2021-10-28,6802.0,25145.0,419.0,128.0,10.0,1098.0,602,Thursday
2021-10-29,7609.0,26698.0,428.0,130.0,7.0,1429.0,603,Friday
2021-10-30,3954.0,27730.0,439.0,128.0,9.0,626.0,604,Saturday
2021-10-31,2643.0,28624.0,441.0,136.0,6.0,353.0,605,Sunday
2021-11-01,2641.0,28087.0,461.0,142.0,11.0,1663.0,606,Monday
2021-11-02,7757.0,29394.0,479.0,155.0,10.0,2137.0,607,Tuesday
2021-11-03,10176.0,32059.0,516.0,154.0,18.0,1844.0,608,Wednesday
2021-11-04,9983.0,33869.0,570.0,165.0,9.0,1956.0,609,Thursday
2021-11-05,9643.0,35261.0,589.0,172.0,13.0,2257.0,610,Friday
2021-11-06,5456.0,36089.0,574.0,174.0,15.0,1488.0,611,Saturday
2021-11-07,2962.0,36669.0,617.0,180.0,10.0,695.0,612,Sunday
2021-11-08,7622.0,37721.0,659.0,184.0,13.0,2284.0,613,Monday
2021-11-09,10579.0,39066.0,687.0,187.0,12.0,3118.0,614,Tuesday
2021-11-10,9082.0,40007.0,703.0,186.0,20.0,2622.0,615,Wednesday
2021-11-11,9128.0,40924.0,714.0,206.0,10.0,2503.0,616,Thursday
2021-11-12,9220.0,41600.0,745.0,209.0,14.0,2971.0,617,Friday
2021-11-13,5351.0,42305.0,762.0,219.0,20.0,1643.0,618,Saturday
2021-11-14,3416.0,42867.0,768.0,222.0,21.0,1246.0,619,Sunday
2021-11-15,7654.0,45502.0,780.0,228.0,12.0,1131.0,620,Monday
2021-11-16,10053.0,46323.0,838.0,236.0,5.0,3443.0,621,Tuesday
2021-11-17,9223.0,45472.0,849.0,246.0,19.0,4494.0,622,Wednesday
2021-11-18,8283.0,45211.0,851.0,253.0,24.0,3758.0,623,Thursday
2021-11-19,8134.0,44786.0,874.0,253.0,21.0,3642.0,624,Friday
2021-11-20,4743.0,44708.0,842.0,264.0,22.0,2307.0,625,Saturday
2021-11-21,2739.0,44810.0,861.0,265.0,19.0,1271.0,626,Sunday
2021-11-22,7351.0,44862.0,886.0,276.0,17.0,3325.0,627,Monday
2021-11-23,8623.0,43522.0,870.0,283.0,23.0,4472.0,628,Tuesday
2021-11-24,7210.0,42619.0,888.0,280.0,11.0,3562.0,629,Wednesday
2021-11-25,6528.0,41552.0,857.0,288.0,11.0,3417.0,630,Thursday
2021-11-26,6147.0,40113.0,848.0,289.0,17.0,3644.0,631,Friday
2021-11-27,3421.0,39225.0,837.0,283.0,23.0,2346.0,632,Saturday
2021-11-28,2231.0,38444.0,856.0,284.0,23.0,1800.0,633,Sunday
2021-11-29,6291.0,37157.0,877.0,279.0,20.0,3755.0,634,Monday
2021-11-30,6983.0,35132.0,851.0,277.0,16.0,4267.0,635,Tuesday
2021-12-01,6243.0,33593.0,831.0,276.0,16.0,3652.0,636,Wednesday
2021-12-02,5530.0,31814.0,813.0,274.0,15.0,3501.0,637,Thursday
2021-12-03,5518.0,30483.0,789.0,270.0,17.0,3221.0,638,Friday
2021-12-04,2995.0,29351.0,765.0,264.0,18.0,2235.0,639,Saturday
2021-12-05,1857.0,28735.0,763.0,271.0,13.0,1374.0,640,Sunday
2021-12-06,5487.0,27290.0,784.0,266.0,16.0,3383.0,641,Monday
2021-12-07,6576.0,25999.0,738.0,267.0,17.0,3125.0,642,Tuesday
2021-12-08,5946.0,25017.0,704.0,259.0,18.0,2659.0,643,Wednesday
2021-12-09,5053.0,23974.0,697.0,251.0,11.0,2348.0,644,Thursday
2021-12-10,5052.0,23226.0,673.0,241.0,19.0,2217.0,645,Friday
2021-12-11,2230.0,22531.0,667.0,242.0,11.0,1467.0,646,Saturday
2021-12-12,1750.0,22169.0,643.0,240.0,14.0,1023.0,647,Sunday
2021-12-13,5113.0,21401.0,639.0,235.0,16.0,2473.0,648,Monday
2021-12-14,5907.0,20673.0,581.0,236.0,11.0,2250.0,649,Tuesday
2021-12-15,4928.0,19892.0,573.0,231.0,8.0,2120.0,650,Wednesday
2021-12-16,5037.0,19434.0,542.0,234.0,8.0,1727.0,651,Thursday
2021-12-17,4484.0,18814.0,510.0,236.0,12.0,1889.0,652,Friday
2021-12-18,2266.0,18467.0,483.0,220.0,19.0,1103.0,653,Saturday
2021-12-19,1550.0,18279.0,486.0,215.0,13.0,764.0,654,Sunday
2021-12-20,4981.0,17882.0,481.0,215.0,10.0,1949.0,655,Monday
2021-12-21,5566.0,17285.0,459.0,206.0,6.0,1846.0,656,Tuesday
2021-12-22,4935.0,16721.0,443.0,206.0,6.0,1678.0,657,Wednesday
2021-12-23,5004.0,16604.0,422.0,202.0,10.0,1323.0,658,Thursday
2021-12-24,4264.0,16215.0,412.0,202.0,1.0,1474.0,659,Friday
2021-12-25,2161.0,16095.0,380.0,200.0,6.0,777.0,660,Saturday
2021-12-26,1848.0,16119.0,382.0,195.0,9.0,668.0,661,Sunday
2021-12-27,5337.0,16223.0,393.0,199.0,9.0,1703.0,662,Monday
2021-12-28,5949.0,16564.0,387.0,199.0,13.0,1520.0,663,Tuesday
2021-12-29,5114.0,16908.0,383.0,189.0,10.0,1340.0,664,Wednesday
2021-12-30,5176.0,17525.0,387.0,187.0,7.0,1275.0,665,Thursday
2021-12-31,4266.0,17905.0,373.0,180.0,6.0,1277.0,666,Friday
2022-01-01,1984.0,17971.0,360.0,172.0,11.0,765.0,667,Saturday
2022-01-02,2288.0,18396.0,362.0,171.0,4.0,575.0,668,Sunday
2022-01-03,7493.0,20240.0,377.0,171.0,11.0,1550.0,669,Monday
2022-01-04,10580.0,23069.0,368.0,163.0,8.0,1248.0,670,Tuesday
2022-01-05,10098.0,25793.0,385.0,157.0,7.0,1119.0,671,Wednesday
2022-01-06,11026.0,28671.0,390.0,160.0,5.0,1198.0,672,Thursday
2022-01-07,11232.0,32072.0,392.0,155.0,9.0,1085.0,673,Friday
2022-01-08,7425.0,34766.0,382.0,156.0,6.0,661.0,674,Saturday
2022-01-09,5254.0,36595.0,378.0,159.0,5.0,694.0,675,Sunday
2022-01-10,10258.0,39949.0,415.0,157.0,7.0,1816.0,676,Monday
2022-01-11,14823.0,45514.0,393.0,160.0,4.0,1858.0,677,Tuesday
2022-01-12,13350.0,50703.0,384.0,154.0,13.0,1684.0,678,Wednesday
2022-01-13,13693.0,55745.0,374.0,153.0,7.0,1892.0,679,Thursday
2022-01-14,14366.0,61680.0,370.0,154.0,6.0,1663.0,680,Friday
2022-01-15,10308.0,66867.0,361.0,153.0,5.0,833.0,681,Saturday
2022-01-16,7910.0,70834.0,393.0,156.0,2.0,1004.0,682,Sunday
2022-01-17,13812.0,76126.0,410.0,156.0,7.0,3392.0,683,Monday
2022-01-18,19451.0,84343.0,421.0,154.0,10.0,4076.0,684,Tuesday
2022-01-19,17298.0,90800.0,412.0,154.0,8.0,3841.0,685,Wednesday
2022-01-20,14724.0,96580.0,434.0,146.0,7.0,4073.0,686,Thursday
2022-01-21,14675.0,102048.0,456.0,143.0,12.0,4481.0,687,Friday
2022-01-22,18853.0,112879.0,465.0,136.0,11.0,3341.0,688,Saturday
2022-01-23,11123.0,118763.0,472.0,136.0,19.0,2516.0,689,Sunday
2022-01-24,17012.0,126426.0,484.0,135.0,14.0,5163.0,690,Monday
2022-01-25,22944.0,136501.0,502.0,130.0,11.0,7421.0,691,Tuesday
2022-01-26,19729.0,143849.0,531.0,125.0,15.0,6866.0,692,Wednesday
2022-01-27,22652.0,153807.0,560.0,124.0,14.0,6932.0,693,Thursday
2022-01-28,20672.0,161106.0,563.0,130.0,8.0,7592.0,694,Friday
2022-01-29,17961.0,168950.0,571.0,127.0,11.0,6011.0,695,Saturday
2022-01-30,11082.0,172556.0,578.0,133.0,11.0,4969.0,696,Sunday
2022-01-31,15605.0,175592.0,633.0,137.0,9.0,8680.0,697,Monday
2022-02-01,17183.0,187549.0,640.0,132.0,14.0,12288.0,698,Tuesday
2022-02-02,8738.0,194046.0,653.0,130.0,13.0,10286.0,699,Wednesday
2022-02-03,3812.0,195971.0,654.0,127.0,19.0,9843.0,700,Thursday
2022-02-04,4033.0,197756.0,646.0,133.0,22.0,9935.0,701,Friday
2022-02-05,1754.0,191108.0,613.0,133.0,25.0,14175.0,702,Saturday
2022-02-06,1248.0,188267.0,633.0,134.0,16.0,8396.0,703,Sunday
2022-02-07,3183.0,186673.0,646.0,134.0,18.0,12818.0,704,Monday
2022-02-08,1567.0,174300.0,663.0,141.0,19.0,17493.0,705,Tuesday
2022-02-09,3255.0,172297.0,666.0,146.0,18.0,14209.0,706,Wednesday
2022-02-10,2989.0,162978.0,648.0,141.0,19.0,16888.0,707,Thursday
2022-02-11,3020.0,155480.0,655.0,136.0,10.0,14887.0,708,Friday
2022-02-12,1197.0,145927.0,640.0,134.0,15.0,13859.0,709,Saturday
2022-02-13,1064.0,140993.0,649.0,133.0,7.0,8566.0,710,Sunday
2022-02-14,2857.0,136439.0,658.0,136.0,18.0,11707.0,711,Monday
2022-02-15,2371.0,116931.0,640.0,130.0,23.0,24243.0,712,Tuesday
2022-02-16,2447.0,104712.0,631.0,125.0,15.0,16787.0,713,Wednesday
2022-02-17,2428.0,96764.0,617.0,119.0,15.0,11768.0,714,Thursday
2022-02-18,2433.0,88784.0,591.0,113.0,22.0,11735.0,715,Friday
2022-02-19,1125.0,83538.0,580.0,109.0,10.0,7524.0,716,Saturday
2022-02-20,871.0,80002.0,593.0,110.0,19.0,5554.0,717,Sunday
2022-02-21,2327.0,71096.0,590.0,112.0,19.0,11229.0,718,Monday
2022-02-22,2108.0,68361.0,582.0,111.0,14.0,5128.0,719,Tuesday
2022-02-23,2000.0,58509.0,547.0,115.0,10.0,12214.0,720,Wednesday
2022-02-24,1772.0,52867.0,526.0,112.0,11.0,7572.0,721,Thursday
2022-02-25,1733.0,47291.0,478.0,117.0,7.0,7391.0,722,Friday
2022-02-26,790.0,43907.0,432.0,106.0,13.0,4298.0,723,Saturday
2022-02-27,751.0,40937.0,418.0,108.0,15.0,3635.0,724,Sunday
2022-02-28,1872.0,36320.0,416.0,104.0,15.0,7164.0,725,Monday
2022-03-01,1477.0,33439.0,395.0,94.0,12.0,4742.0,726,Tuesday
2022-03-02,1642.0,30719.0,380.0,89.0,8.0,4573.0,727,Wednesday
2022-03-03,1441.0,28778.0,350.0,83.0,10.0,3836.0,728,Thursday
2022-03-04,1565.0,26885.0,324.0,80.0,6.0,3755.0,729,Friday
2022-03-05,586.0,25551.0,291.0,78.0,10.0,2287.0,730,Saturday
2022-03-06,604.0,24283.0,294.0,81.0,10.0,2031.0,731,Sunday
2022-03-07,1852.0,25148.0,303.0,80.0,6.0,2329.0,732,Monday
2022-03-08,1416.0,24954.0,288.0,85.0,8.0,2396.0,733,Tuesday
2022-03-09,1865.0,24916.0,271.0,87.0,7.0,2365.0,734,Wednesday
2022-03-10,1667.0,25238.0,255.0,86.0,8.0,1931.0,735,Thursday
2022-03-11,1768.0,25715.0,255.0,77.0,6.0,1822.0,736,Friday
2022-03-12,641.0,25927.0,253.0,71.0,6.0,923.0,737,Saturday
2022-03-13,725.0,26181.0,255.0,71.0,6.0,675.0,738,Sunday
2022-03-14,2116.0,27860.0,253.0,67.0,5.0,2555.0,739,Monday
2022-03-15,1739.0,28988.0,236.0,67.0,4.0,1864.0,740,Tuesday
2022-03-16,1941.0,30262.0,230.0,61.0,5.0,1859.0,741,Wednesday
2022-03-17,1429.0,31429.0,222.0,58.0,4.0,1899.0,742,Thursday
2022-03-18,1851.0,32861.0,216.0,62.0,2.0,1866.0,743,Friday
2022-03-19,612.0,33418.0,222.0,61.0,6.0,957.0,744,Saturday
2022-03-20,714.0,33762.0,227.0,58.0,6.0,762.0,745,Sunday
2022-03-21,1992.0,35652.0,239.0,58.0,7.0,3200.0,746,Monday
2022-03-22,1649.0,36834.0,241.0,56.0,2.0,2206.0,747,Tuesday
2022-03-23,1915.0,37830.0,235.0,52.0,3.0,2328.0,748,Wednesday
2022-03-24,1353.0,38481.0,235.0,50.0,7.0,2251.0,749,Thursday
2022-03-25,1754.0,39128.0,243.0,49.0,8.0,2302.0,750,Friday
2022-03-26,627.0,39333.0,227.0,50.0,3.0,1137.0,751,Saturday
2022-03-27,659.0,39352.0,242.0,53.0,4.0,929.0,752,Sunday
2022-03-28,2020.0,39644.0,252.0,55.0,5.0,4237.0,753,Monday
2022-03-29,1611.0,39720.0,248.0,55.0,1.0,2995.0,754,Tuesday
2022-03-30,1714.0,39400.0,250.0,50.0,2.0,3134.0,755,Wednesday
2022-03-31,1365.0,38751.0,255.0,46.0,3.0,3062.0,756,Thursday
2022-04-01,1562.0,37880.0,246.0,44.0,6.0,3299.0,757,Friday
2022-04-02,680.0,37301.0,226.0,39.0,5.0,1517.0,758,Saturday
2022-04-03,670.0,36999.0,235.0,40.0,3.0,1109.0,759,Sunday
2022-04-04,1786.0,35340.0,252.0,39.0,4.0,5085.0,760,Monday
2022-04-05,1427.0,34248.0,235.0,37.0,7.0,3386.0,761,Tuesday
2022-04-06,1636.0,33051.0,230.0,40.0,5.0,3325.0,762,Wednesday
2022-04-07,1110.0,32048.0,230.0,38.0,6.0,2906.0,763,Thursday
2022-04-08,1353.0,30952.0,234.0,38.0,4.0,2948.0,764,Friday
2022-04-09,501.0,30405.0,231.0,37.0,4.0,1342.0,765,Saturday
2022-04-10,596.0,29997.0,234.0,42.0,4.0,950.0,766,Sunday
2022-04-11,1506.0,28138.0,236.0,39.0,3.0,4527.0,767,Monday
2022-04-12,976.0,26689.0,211.0,32.0,3.0,3069.0,768,Tuesday
2022-04-13,1284.0,25419.0,197.0,31.0,4.0,2810.0,769,Wednesday
2022-04-14,914.0,24357.0,194.0,29.0,7.0,2416.0,770,Thursday
2022-04-15,1062.0,23242.0,186.0,29.0,3.0,2432.0,771,Friday
2022-04-16,434.0,22872.0,176.0,28.0,1.0,940.0,772,Saturday
2022-04-17,411.0,22460.0,178.0,30.0,1.0,808.0,773,Sunday
2022-04-18,836.0,19502.0,172.0,30.0,3.0,3429.0,774,Monday
2022-04-19,1390.0,19364.0,178.0,30.0,4.0,2296.0,775,Tuesday
2022-04-20,1201.0,18501.0,173.0,28.0,3.0,2133.0,776,Wednesday
2022-04-21,1013.0,17758.0,160.0,29.0,1.0,1906.0,777,Thursday
2022-04-22,1349.0,16956.0,151.0,29.0,1.0,1849.0,778,Friday
2022-04-23,644.0,16665.0,139.0,30.0,7.0,797.0,779,Saturday
2022-04-24,543.0,16467.0,135.0,33.0,2.0,541.0,780,Sunday
2022-04-25,1313.0,15354.0,136.0,30.0,4.0,2667.0,781,Monday
2022-04-26,983.0,14877.0,142.0,29.0,4.0,1623.0,782,Tuesday
2022-04-27,682.0,13624.0,127.0,28.0,1.0,1546.0,783,Wednesday
2022-04-28,925.0,13534.0,134.0,26.0,1.0,1353.0,784,Thursday
2022-04-29,926.0,13193.0,122.0,23.0,4.0,1318.0,785,Friday
2022-04-30,449.0,13111.0,125.0,23.0,0.0,570.0,786,Saturday
2022-05-01,381.0,12956.0,121.0,24.0,1.0,397.0,787,Sunday
2022-05-02,807.0,12942.0,131.0,22.0,2.0,472.0,788,Monday
2022-05-03,1013.0,12440.0,137.0,22.0,3.0,2157.0,789,Tuesday
2022-05-04,968.0,12182.0,134.0,22.0,4.0,1268.0,790,Wednesday
2022-05-05,926.0,11760.0,117.0,21.0,3.0,1161.0,791,Thursday
2022-05-06,909.0,11462.0,110.0,17.0,3.0,1051.0,792,Friday
2022-05-07,424.0,11280.0,113.0,18.0,3.0,508.0,793,Saturday
2022-05-08,547.0,11133.0,114.0,19.0,0.0,345.0,794,Sunday
2022-05-09,1194.0,10570.0,115.0,21.0,2.0,1558.0,795,Monday
2022-05-10,716.0,10097.0,109.0,22.0,0.0,1144.0,796,Tuesday
2022-05-11,899.0,10416.0,96.0,19.0,3.0,293.0,797,Wednesday
2022-05-12,749.0,9738.0,96.0,15.0,1.0,1265.0,798,Thursday
2022-05-13,824.0,9321.0,100.0,14.0,2.0,974.0,799,Friday
2022-05-14,441.0,9069.0,88.0,9.0,3.0,487.0,800,Saturday
2022-05-15,450.0,8960.0,88.0,9.0,2.0,243.0,801,Sunday
2022-05-16,997.0,9241.0,88.0,9.0,1.0,460.0,802,Monday
2022-05-17,668.0,8125.0,71.0,9.0,1.0,1658.0,803,Tuesday
2022-05-18,826.0,7520.0,63.0,8.0,1.0,1012.0,804,Wednesday
2022-05-19,583.0,7195.0,59.0,8.0,1.0,742.0,805,Thursday
2022-05-20,730.0,6830.0,53.0,8.0,0.0,755.0,806,Friday
2022-05-21,320.0,6668.0,51.0,6.0,1.0,326.0,807,Saturday
2022-05-22,334.0,6557.0,54.0,6.0,0.0,199.0,808,Sunday
2022-05-23,853.0,6142.0,54.0,7.0,1.0,994.0,809,Monday
2022-05-24,581.0,5866.0,53.0,6.0,1.0,674.0,810,Tuesday
2022-05-25,717.0,5587.0,49.0,6.0,0.0,610.0,811,Wednesday
2022-05-26,607.0,5293.0,44.0,6.0,3.0,589.0,812,Thursday
2022-05-27,648.0,4996.0,45.0,6.0,0.0,558.0,813,Friday
2022-05-28,267.0,4852.0,50.0,5.0,2.0,237.0,814,Saturday
2022-05-29,385.0,4778.0,50.0,5.0,0.0,134.0,815,Sunday
2022-05-30,779.0,4420.0,52.0,6.0,1.0,742.0,816,Monday
2022-05-31,573.0,4211.0,48.0,7.0,0.0,540.0,817,Tuesday
2022-06-01,692.0,4091.0,49.0,6.0,3.0,408.0,818,Wednesday
2022-06-02,489.0,3932.0,53.0,6.0,0.0,417.0,819,Thursday
2022-06-03,610.0,3845.0,41.0,7.0,0.0,390.0,820,Friday
2022-06-04,245.0,3768.0,39.0,7.0,1.0,163.0,821,Saturday
2022-06-05,355.0,3759.0,40.0,7.0,1.0,89.0,822,Sunday
2022-06-06,793.0,3639.0,44.0,7.0,0.0,580.0,823,Monday
2022-06-07,519.0,3597.0,35.0,7.0,0.0,397.0,824,Tuesday
2022-06-08,596.0,3599.0,34.0,6.0,1.0,334.0,825,Wednesday
2022-06-09,483.0,3597.0,38.0,7.0,0.0,294.0,826,Thursday
2022-06-10,609.0,3679.0,37.0,6.0,1.0,263.0,827,Friday
2022-06-11,277.0,3728.0,36.0,6.0,0.0,93.0,828,Saturday
2022-06-12,312.0,3741.0,38.0,6.0,0.0,61.0,829,Sunday
2022-06-13,742.0,3923.0,40.0,6.0,0.0,383.0,830,Monday
2022-06-14,545.0,4067.0,40.0,7.0,1.0,334.0,831,Tuesday
2022-06-15,619.0,4249.0,43.0,7.0,0.0,288.0,832,Wednesday
2022-06-16,567.0,4465.0,46.0,7.0,0.0,257.0,833,Thursday
2022-06-17,602.0,4683.0,46.0,7.0,1.0,304.0,834,Friday
2022-06-18,298.0,4786.0,47.0,6.0,0.0,87.0,835,Saturday
2022-06-19,345.0,4858.0,47.0,6.0,0.0,80.0,836,Sunday
2022-06-20,833.0,5247.0,46.0,6.0,0.0,460.0,837,Monday
2022-06-21,618.0,5570.0,43.0,6.0,0.0,355.0,838,Tuesday
2022-06-22,726.0,6005.0,39.0,8.0,1.0,336.0,839,Wednesday
2022-06-23,534.0,6368.0,43.0,10.0,0.0,292.0,840,Thursday
2022-06-24,630.0,6804.0,49.0,10.0,1.0,345.0,841,Friday
2022-06-25,354.0,6913.0,52.0,10.0,0.0,142.0,842,Saturday
2022-06-26,349.0,7057.0,51.0,11.0,0.0,73.0,843,Sunday
2022-06-27,759.0,7728.0,48.0,11.0,1.0,564.0,844,Monday
2022-06-28,586.0,8317.0,48.0,12.0,2.0,478.0,845,Tuesday
2022-06-29,672.0,8857.0,47.0,11.0,0.0,470.0,846,Wednesday
2022-06-30,640.0,9300.0,72.0,11.0,0.0,473.0,847,Thursday
2022-07-01,661.0,9941.0,76.0,10.0,1.0,520.0,848,Friday
2022-07-02,295.0,10128.0,70.0,11.0,2.0,189.0,849,Saturday
2022-07-03,396.0,10266.0,71.0,11.0,1.0,152.0,850,Sunday
2022-07-04,820.0,11260.0,77.0,12.0,0.0,847.0,851,Monday
2022-07-05,620.0,12072.0,83.0,10.0,2.0,679.0,852,Tuesday
2022-07-06,685.0,12943.0,81.0,10.0,0.0,771.0,853,Wednesday
2022-07-07,573.0,13630.0,95.0,10.0,0.0,654.0,854,Thursday
2022-07-08,610.0,14320.0,86.0,12.0,2.0,781.0,855,Friday
2022-07-09,317.0,14585.0,82.0,11.0,0.0,250.0,856,Saturday
2022-07-10,374.0,14824.0,84.0,13.0,1.0,218.0,857,Sunday
2022-07-11,859.0,15983.0,94.0,15.0,0.0,1236.0,858,Monday
2022-07-12,631.0,16802.0,90.0,14.0,1.0,1066.0,859,Tuesday
2022-07-13,810.0,17579.0,118.0,15.0,1.0,1007.0,860,Wednesday
2022-07-14,724.0,18294.0,112.0,12.0,3.0,916.0,861,Thursday
2022-07-15,754.0,19042.0,117.0,14.0,1.0,1162.0,862,Friday
2022-07-16,424.0,19279.0,111.0,15.0,1.0,377.0,863,Saturday
2022-07-17,416.0,19518.0,129.0,16.0,0.0,289.0,864,Sunday
2022-07-18,941.0,20513.0,139.0,20.0,1.0,1842.0,865,Monday
2022-07-19,715.0,20890.0,137.0,18.0,1.0,1488.0,866,Tuesday
2022-07-20,831.0,21126.0,136.0,19.0,3.0,1637.0,867,Wednesday
2022-07-21,662.0,21426.0,126.0,16.0,5.0,1341.0,868,Thursday
2022-07-22,845.0,21927.0,132.0,15.0,2.0,1468.0,869,Friday
2022-07-23,371.0,22162.0,127.0,16.0,3.0,516.0,870,Saturday
2022-07-24,428.0,22253.0,137.0,18.0,0.0,452.0,871,Sunday
2022-07-25,962.0,22873.0,141.0,19.0,5.0,2396.0,872,Monday
2022-07-26,646.0,22981.0,123.0,19.0,0.0,1884.0,873,Tuesday
2022-07-27,798.0,23230.0,131.0,18.0,2.0,1785.0,874,Wednesday
2022-07-28,587.0,23118.0,127.0,17.0,2.0,1631.0,875,Thursday
2022-07-29,760.0,23017.0,124.0,18.0,1.0,1908.0,876,Friday
2022-07-30,325.0,23002.0,115.0,16.0,3.0,610.0,877,Saturday
2022-07-31,358.0,22960.0,113.0,16.0,4.0,527.0,878,Sunday
2022-08-01,937.0,22789.0,119.0,17.0,2.0,2836.0,879,Monday
2022-08-02,654.0,22708.0,122.0,18.0,2.0,1865.0,880,Tuesday
2022-08-03,787.0,22475.0,124.0,17.0,3.0,1876.0,881,Wednesday
2022-08-04,635.0,22300.0,121.0,20.0,2.0,1642.0,882,Thursday
2022-08-05,669.0,21949.0,129.0,17.0,1.0,1971.0,883,Friday
2022-08-06,323.0,21793.0,125.0,19.0,1.0,751.0,884,Saturday
2022-08-07,385.0,21743.0,127.0,16.0,0.0,543.0,885,Sunday
2022-08-08,900.0,21173.0,134.0,16.0,5.0,3010.0,886,Monday
2022-08-09,639.0,20907.0,126.0,17.0,6.0,1988.0,887,Tuesday
2022-08-10,775.0,20507.0,126.0,14.0,6.0,2033.0,888,Wednesday
2022-08-11,573.0,20393.0,131.0,13.0,3.0,1518.0,889,Thursday
2022-08-12,754.0,20175.0,135.0,15.0,2.0,1808.0,890,Friday
2022-08-13,263.0,20126.0,124.0,16.0,2.0,597.0,891,Saturday
2022-08-14,275.0,20159.0,126.0,15.0,2.0,484.0,892,Sunday
2022-08-15,600.0,18054.0,120.0,17.0,3.0,2665.0,893,Monday
2022-08-16,779.0,18897.0,133.0,16.0,2.0,1786.0,894,Tuesday
2022-08-17,778.0,19301.0,132.0,18.0,1.0,1645.0,895,Wednesday
2022-08-18,686.0,19359.0,127.0,15.0,0.0,1466.0,896,Thursday
2022-08-19,653.0,19434.0,125.0,17.0,2.0,1620.0,897,Friday
2022-08-20,303.0,19407.0,126.0,15.0,1.0,594.0,898,Saturday
2022-08-21,415.0,19350.0,130.0,15.0,1.0,497.0,899,Sunday
2022-08-22,936.0,19237.0,128.0,14.0,1.0,2443.0,900,Monday
2022-08-23,729.0,19138.0,95.0,19.0,3.0,1724.0,901,Tuesday
2022-08-24,836.0,19087.0,97.0,17.0,4.0,1634.0,902,Wednesday
2022-08-25,592.0,19062.0,95.0,16.0,2.0,1402.0,903,Thursday
2022-08-26,645.0,19028.0,96.0,15.0,4.0,1589.0,904,Friday
2022-08-27,334.0,19023.0,90.0,16.0,3.0,547.0,905,Saturday
2022-08-28,405.0,18886.0,91.0,16.0,3.0,516.0,906,Sunday
2022-08-29,841.0,20530.0,101.0,16.0,4.0,562.0,907,Monday
2022-08-30,648.0,19445.0,102.0,16.0,0.0,2629.0,908,Tuesday
2022-08-31,717.0,18957.0,98.0,14.0,1.0,2048.0,909,Wednesday
2022-09-01,584.0,18712.0,98.0,14.0,1.0,1524.0,910,Thursday
2022-09-02,713.0,18386.0,98.0,13.0,2.0,1695.0,911,Friday
2022-09-03,275.0,18348.0,91.0,15.0,1.0,568.0,912,Saturday
2022-09-04,429.0,18319.0,92.0,15.0,0.0,441.0,913,Sunday
2022-09-05,922.0,18529.0,94.0,16.0,0.0,2333.0,914,Monday
2022-09-06,636.0,18765.0,92.0,15.0,0.0,1627.0,915,Tuesday
2022-09-07,832.0,19253.0,89.0,13.0,2.0,1585.0,916,Wednesday
2022-09-08,730.0,19501.0,88.0,13.0,0.0,1379.0,917,Thursday
2022-09-09,863.0,20027.0,83.0,14.0,2.0,1557.0,918,Friday
2022-09-10,381.0,20126.0,80.0,15.0,1.0,544.0,919,Saturday
2022-09-11,447.0,20355.0,89.0,15.0,1.0,382.0,920,Sunday
2022-09-12,1067.0,21668.0,93.0,16.0,1.0,2205.0,921,Monday
2022-09-13,854.0,22667.0,99.0,12.0,1.0,1541.0,922,Tuesday
2022-09-14,1023.0,23530.0,98.0,12.0,4.0,1558.0,923,Wednesday
2022-09-15,799.0,24455.0,92.0,13.0,3.0,1281.0,924,Thursday
2022-09-16,838.0,25459.0,95.0,14.0,0.0,1369.0,925,Friday
2022-09-17,418.0,25707.0,94.0,14.0,1.0,529.0,926,Saturday
2022-09-18,480.0,25901.0,94.0,14.0,1.0,410.0,927,Sunday
2022-09-19,1062.0,26830.0,98.0,12.0,2.0,2540.0,928,Monday
2022-09-20,741.0,27397.0,102.0,9.0,3.0,1865.0,929,Tuesday
2022-09-21,952.0,27732.0,93.0,12.0,0.0,2072.0,930,Wednesday
2022-09-22,676.0,28072.0,100.0,14.0,1.0,1629.0,931,Thursday
2022-09-23,908.0,28172.0,92.0,15.0,0.0,2083.0,932,Friday
2022-09-24,361.0,28290.0,86.0,17.0,1.0,642.0,933,Saturday
2022-09-25,516.0,28449.0,93.0,15.0,2.0,610.0,934,Sunday
2022-09-26,1086.0,28862.0,98.0,16.0,2.0,3518.0,935,Monday
2022-09-27,861.0,29067.0,103.0,19.0,1.0,2543.0,936,Tuesday
2022-09-28,1041.0,29269.0,112.0,18.0,1.0,2420.0,937,Wednesday
2022-09-29,821.0,29387.0,109.0,23.0,4.0,2204.0,938,Thursday
2022-09-30,900.0,29573.0,109.0,22.0,2.0,2371.0,939,Friday
2022-10-01,345.0,29721.0,121.0,20.0,3.0,777.0,940,Saturday
2022-10-02,504.0,29881.0,120.0,23.0,1.0,606.0,941,Sunday
2022-10-03,1107.0,30431.0,123.0,26.0,0.0,3471.0,942,Monday
2022-10-04,785.0,30887.0,114.0,29.0,1.0,2430.0,943,Tuesday
2022-10-05,1019.0,31065.0,112.0,31.0,2.0,2405.0,944,Wednesday
2022-10-06,798.0,31299.0,114.0,26.0,3.0,1968.0,945,Thursday
2022-10-07,871.0,31548.0,117.0,28.0,1.0,2181.0,946,Friday
2022-10-08,375.0,31599.0,118.0,25.0,3.0,762.0,947,Saturday
2022-10-09,531.0,31585.0,122.0,25.0,0.0,765.0,948,Sunday
2022-10-10,1094.0,31329.0,130.0,25.0,6.0,3929.0,949,Monday
2022-10-11,845.0,30854.0,136.0,24.0,3.0,2747.0,950,Tuesday
2022-10-12,931.0,30400.0,129.0,27.0,2.0,2625.0,951,Wednesday
2022-10-13,720.0,29895.0,128.0,26.0,1.0,2324.0,952,Thursday
2022-10-14,765.0,29219.0,114.0,20.0,0.0,2559.0,953,Friday
2022-10-15,323.0,28872.0,111.0,25.0,1.0,923.0,954,Saturday
2022-10-16,445.0,28682.0,110.0,26.0,3.0,763.0,955,Sunday
2022-10-17,1035.0,27457.0,113.0,26.0,3.0,4019.0,956,Monday
2022-10-18,727.0,26326.0,108.0,25.0,3.0,2882.0,957,Tuesday
2022-10-19,999.0,25429.0,102.0,23.0,6.0,2585.0,958,Wednesday
2022-10-20,677.0,24580.0,112.0,22.0,1.0,2200.0,959,Thursday
2022-10-21,817.0,23484.0,97.0,22.0,3.0,2431.0,960,Friday
2022-10-22,302.0,23095.0,96.0,20.0,2.0,811.0,961,Saturday
2022-10-23,426.0,22779.0,100.0,20.0,2.0,754.0,962,Sunday
2022-10-24,997.0,21185.0,99.0,20.0,3.0,3675.0,963,Monday
2022-10-25,793.0,20392.0,108.0,18.0,1.0,2273.0,964,Tuesday
2022-10-26,958.0,19466.0,98.0,19.0,1.0,2171.0,965,Wednesday
2022-10-27,708.0,18638.0,106.0,18.0,1.0,1815.0,966,Thursday
2022-10-28,820.0,17731.0,101.0,19.0,4.0,1881.0,967,Friday
2022-10-29,345.0,17473.0,91.0,18.0,3.0,577.0,968,Saturday
2022-10-30,491.0,17241.0,78.0,15.0,2.0,574.0,969,Sunday
2022-10-31,455.0,14852.0,72.0,15.0,2.0,2797.0,970,Monday
2022-11-01,571.0,13403.0,75.0,17.0,0.0,1756.0,971,Tuesday
2022-11-02,933.0,13207.0,78.0,16.0,1.0,1688.0,972,Wednesday
2022-11-03,807.0,12831.0,80.0,15.0,1.0,1353.0,973,Thursday
2022-11-04,694.0,12340.0,84.0,16.0,1.0,1336.0,974,Friday
2022-11-05,347.0,12186.0,70.0,17.0,1.0,422.0,975,Saturday
2022-11-06,417.0,12007.0,80.0,17.0,2.0,436.0,976,Sunday
2022-11-07,901.0,11096.0,76.0,18.0,5.0,2079.0,977,Monday
2022-11-08,694.0,10418.0,69.0,16.0,3.0,1478.0,978,Tuesday
2022-11-09,750.0,9865.0,60.0,16.0,3.0,1243.0,979,Wednesday
2022-11-10,620.0,9433.0,59.0,19.0,3.0,991.0,980,Thursday
2022-11-11,683.0,9137.0,50.0,19.0,0.0,976.0,981,Friday
2022-11-12,314.0,9008.0,55.0,18.0,1.0,321.0,982,Saturday
2022-11-13,391.0,8920.0,59.0,20.0,0.0,342.0,983,Sunday
2022-11-14,830.0,9733.0,60.0,23.0,2.0,407.0,984,Monday
2022-11-15,640.0,10352.0,61.0,20.0,1.0,308.0,985,Tuesday
2022-11-16,771.0,9760.0,64.0,19.0,0.0,1491.0,986,Wednesday
2022-11-17,656.0,9599.0,60.0,20.0,2.0,977.0,987,Thursday
2022-11-18,654.0,9696.0,62.0,21.0,1.0,844.0,988,Friday
2022-11-19,275.0,9733.0,63.0,20.0,2.0,268.0,989,Saturday
2022-11-20,359.0,9765.0,64.0,19.0,2.0,260.0,990,Sunday
2022-11-21,876.0,10176.0,63.0,19.0,2.0,1167.0,991,Monday
2022-11-22,659.0,10555.0,55.0,18.0,4.0,801.0,992,Tuesday
2022-11-23,749.0,10990.0,62.0,17.0,2.0,686.0,993,Wednesday
2022-11-24,579.0,11452.0,58.0,18.0,7.0,555.0,994,Thursday
2022-11-25,,,67.0,18.0,4.0,,995,Friday
