date,tests,cases,normal_beds,ICU_beds,deceased,recovered,temp_avg,temp_min,temp_max,day,dow
2020-02-24,18.0,,,,,,,,,-10,Monday
2020-02-25,21.0,,,,,,,,,-9,Tuesday
2020-02-26,41.0,,,,,,,,,-8,Wednesday
2020-02-27,43.0,,,,,,,,,-7,Thursday
2020-02-28,35.0,,,,,,,,,-6,Friday
2020-02-29,16.0,,,,,,,,,-5,Saturday
2020-03-01,17.0,,,,,,,,,-4,Sunday
2020-03-02,54.0,,,,,,9.89,6.49,14.09,-3,Monday
2020-03-03,48.0,,,,,,8.21,5.880000000000001,13.68,-2,Tuesday
2020-03-04,51.0,,,,,,5.42,3.12,10.13,-1,Wednesday
2020-03-05,103.0,,,,,,6.200000000000001,-2.1100000000000003,11.48,0,Thursday
2020-03-06,278.0,,,,,,5.630000000000001,3.8899999999999992,9.15,1,Friday
2020-03-07,177.0,,,,,,7.210000000000001,3.17,13.13,2,Saturday
2020-03-08,238.0,,,,,,3.99,-0.7500000000000002,11.69,3,Sunday
2020-03-09,367.0,,,,,,6.380000000000001,-1.02,12.25,4,Monday
2020-03-10,542.0,,17.0,1.0,,,7.229999999999999,1.3,13.6,5,Tuesday
2020-03-11,749.0,,17.0,1.0,0.0,,10.34,2.88,19.99,6,Wednesday
2020-03-12,1045.0,,15.0,2.0,0.0,,11.18,1.61,19.31,7,Thursday
2020-03-13,1197.0,,18.0,4.0,0.0,,8.42,5.85,12.66,8,Friday
2020-03-14,916.0,,25.0,4.0,1.0,,8.24,4.26,12.66,9,Saturday
2020-03-15,590.0,,30.0,3.0,0.0,,4.26,1.45,10.93,10,Sunday
2020-03-16,871.0,,27.0,5.0,0.0,,4.46,-3.9900000000000007,14.4,11,Monday
2020-03-17,1121.0,286.0,33.0,5.0,0.0,,9.759999999999998,-1.52,18.7,12,Tuesday
2020-03-18,1026.0,317.0,38.0,5.0,0.0,,10.46,4.2700000000000005,19.68,13,Wednesday
2020-03-19,1184.0,335.0,40.0,7.0,0.0,,10.17,1.93,20.670000000000005,14,Thursday
2020-03-20,1242.0,359.0,38.0,8.0,0.0,4.0,11.21,1.82,20.68,15,Friday
2020-03-21,872.0,391.0,43.0,8.0,0.0,5.0,8.94,4.1,17.270000000000003,16,Saturday
2020-03-22,731.0,422.0,41.0,11.0,0.0,4.0,3.72,1.7600000000000002,8.34,17,Sunday
2020-03-23,1257.0,447.0,46.0,10.0,1.0,10.0,2.3300000000000005,-1.86,6.13,18,Monday
2020-03-24,1243.0,478.0,58.0,11.0,1.0,16.0,2.57,-0.74,5.53,19,Tuesday
2020-03-25,1181.0,490.0,64.0,14.0,1.0,34.0,1.01,-0.36,3.78,20,Wednesday
2020-03-26,1075.0,501.0,65.0,16.0,1.0,48.0,3.06,0.3599999999999999,5.029999999999999,21,Thursday
2020-03-27,1384.0,507.0,80.0,22.0,2.0,44.0,7.979999999999999,3.26,14.29,22,Friday
2020-03-28,999.0,518.0,79.0,23.0,2.0,34.0,8.22,0.55,17.83,23,Saturday
2020-03-29,597.0,507.0,84.0,24.0,2.0,34.0,10.34,2.12,18.41,24,Sunday
2020-03-30,1125.0,529.0,88.0,29.0,1.0,25.0,4.220000000000001,3.02,11.36,25,Monday
2020-03-31,1288.0,556.0,82.0,28.0,1.0,8.0,3.0,-1.52,8.28,26,Tuesday
2020-04-01,1095.0,579.0,78.0,31.0,2.0,31.0,2.26,-3.77,9.64,27,Wednesday
2020-04-02,1064.0,596.0,78.0,30.0,1.0,19.0,3.95,-5.18,12.669999999999998,28,Thursday
2020-04-03,1188.0,609.0,84.0,30.0,4.0,26.0,7.960000000000001,-3.15,16.890000000000004,29,Friday
2020-04-04,655.0,592.0,77.0,32.0,2.0,31.0,9.09,1.81,16.38,30,Saturday
2020-04-05,489.0,579.0,79.0,31.0,6.0,34.0,10.17,0.9400000000000002,18.28,31,Sunday
2020-04-06,1202.0,578.0,82.0,30.0,2.0,30.0,10.76,1.16,19.91,32,Monday
2020-04-07,1214.0,566.0,77.0,32.0,6.0,44.0,9.36,-0.36,20.05,33,Tuesday
2020-04-08,1144.0,552.0,76.0,35.0,4.0,44.0,9.71,-1.36,20.71,34,Wednesday
2020-04-09,1234.0,526.0,74.0,34.0,3.0,59.0,11.489999999999998,-0.2299999999999999,23.25,35,Thursday
2020-04-10,1232.0,503.0,70.0,36.0,2.0,47.0,14.07,2.78,24.110000000000007,36,Friday
2020-04-11,572.0,473.0,59.0,35.0,5.0,44.0,14.52,4.38,23.72,37,Saturday
2020-04-12,554.0,456.0,60.0,35.0,3.0,22.0,14.9,4.35,24.62,38,Sunday
2020-04-13,541.0,416.0,62.0,33.0,2.0,47.0,15.4,6.17,23.46,39,Monday
2020-04-14,1168.0,406.0,68.0,35.0,1.0,32.0,4.91,2.16,15.77,40,Tuesday
2020-04-15,1023.0,372.0,62.0,34.0,5.0,55.0,6.93,-1.6700000000000004,15.5,41,Wednesday
2020-04-16,1193.0,368.0,69.0,30.0,0.0,35.0,12.74,-0.0299999999999999,22.45,42,Thursday
2020-04-17,1250.0,340.0,67.0,28.0,5.0,37.0,14.75,3.8,24.24,43,Friday
2020-04-18,685.0,333.0,66.0,27.0,4.0,16.0,15.73,5.1000000000000005,24.62,44,Saturday
2020-04-19,537.0,315.0,63.0,26.0,4.0,20.0,15.65,8.27,24.06,45,Sunday
2020-04-20,1174.0,289.0,61.0,26.0,3.0,35.0,11.95,9.03,16.380000000000003,46,Monday
2020-04-21,1478.0,262.0,61.0,25.0,0.0,34.0,11.02,6.880000000000001,17.36,47,Tuesday
2020-04-22,1457.0,242.0,58.0,24.0,2.0,33.0,11.6,3.05,19.0,48,Wednesday
2020-04-23,1510.0,214.0,57.0,23.0,0.0,34.0,11.39,2.24,20.390000000000004,49,Thursday
2020-04-24,1380.0,200.0,55.0,23.0,1.0,27.0,14.570000000000002,2.07,23.21,50,Friday
2020-04-25,1012.0,191.0,54.0,23.0,2.0,17.0,15.85,6.379999999999999,24.39,51,Saturday
2020-04-26,831.0,190.0,57.0,23.0,0.0,5.0,13.95,9.24,20.410000000000004,52,Sunday
2020-04-27,826.0,188.0,58.0,22.0,2.0,6.0,15.05,7.069999999999999,23.01,53,Monday
2020-04-28,1360.0,170.0,54.0,23.0,2.0,24.0,15.45,8.569999999999999,21.87,54,Tuesday
2020-04-29,1370.0,160.0,48.0,22.0,3.0,19.0,13.429999999999998,10.44,19.01,55,Wednesday
2020-04-30,1382.0,129.0,41.0,22.0,2.0,34.0,15.360000000000005,9.42,21.230000000000004,56,Thursday
2020-05-01,771.0,121.0,37.0,21.0,2.0,12.0,13.97,11.06,18.98,57,Friday
2020-05-02,535.0,108.0,39.0,21.0,1.0,11.0,12.97,9.57,20.89,58,Saturday
2020-05-03,616.0,103.0,38.0,20.0,2.0,4.0,11.87,7.19,18.69,59,Sunday
2020-05-04,1338.0,100.0,38.0,20.0,1.0,8.0,14.11,3.67,21.29,60,Monday
2020-05-05,1449.0,94.0,39.0,16.0,1.0,8.0,12.67,7.31,17.9,61,Tuesday
2020-05-06,1055.0,82.0,39.0,14.0,1.0,13.0,11.26,7.489999999999997,17.82,62,Wednesday
2020-05-07,1049.0,76.0,39.0,13.0,0.0,6.0,13.800000000000002,2.83,22.54,63,Thursday
2020-05-08,1176.0,65.0,35.0,11.0,1.0,14.0,16.51,5.670000000000001,25.380000000000003,64,Friday
2020-05-09,625.0,60.0,33.0,10.0,1.0,7.0,18.09,8.68,26.09,65,Saturday
2020-05-10,537.0,57.0,31.0,10.0,1.0,6.0,18.09,10.070000000000002,24.520000000000003,66,Sunday
2020-05-11,1182.0,52.0,32.0,10.0,0.0,6.0,16.910000000000004,12.87,21.0,67,Monday
2020-05-12,1147.0,45.0,31.0,9.0,0.0,8.0,9.09,7.590000000000001,17.369999999999997,68,Tuesday
2020-05-13,984.0,35.0,29.0,9.0,1.0,11.0,15.63,7.57,20.94,69,Wednesday
2020-05-14,1023.0,31.0,25.0,7.0,0.0,5.0,17.79,12.510000000000002,23.98,70,Thursday
2020-05-15,1151.0,26.0,22.0,7.0,0.0,5.0,13.93,11.16,19.169999999999995,71,Friday
2020-05-16,511.0,27.0,21.0,6.0,0.0,-1.0,13.24,9.87,16.85,72,Saturday
2020-05-17,479.0,27.0,21.0,5.0,1.0,0.0,16.63,10.96,21.56,73,Sunday
2020-05-18,1128.0,22.0,20.0,5.0,0.0,6.0,18.11,9.990000000000002,23.81,74,Monday
2020-05-19,981.0,20.0,19.0,5.0,0.0,2.0,15.789999999999996,13.45,19.07,75,Tuesday
2020-05-20,909.0,19.0,19.0,4.0,1.0,0.0,16.240000000000002,13.53,21.34,76,Wednesday
2020-05-21,882.0,18.0,18.0,3.0,1.0,1.0,16.56,9.38,22.82,77,Thursday
2020-05-22,677.0,14.0,17.0,4.0,0.0,3.0,17.139999999999997,8.34,23.68,78,Friday
2020-05-23,341.0,11.0,15.0,3.0,1.0,3.0,20.23,13.16,25.860000000000003,79,Saturday
2020-05-24,256.0,9.0,15.0,3.0,0.0,3.0,15.579999999999998,12.239999999999998,22.040000000000003,80,Sunday
2020-05-25,754.0,8.0,13.0,3.0,0.0,0.0,14.789999999999996,9.03,21.85,81,Monday
2020-05-26,809.0,8.0,7.0,2.0,1.0,2.0,14.61,8.84,20.04,82,Tuesday
2020-05-27,631.0,9.0,6.0,2.0,0.0,1.0,15.330000000000002,6.909999999999999,22.11,83,Wednesday
2020-05-28,706.0,8.0,5.0,2.0,0.0,1.0,14.05,6.87,21.300000000000004,84,Thursday
2020-05-29,613.0,8.0,5.0,2.0,0.0,0.0,14.330000000000002,7.359999999999999,20.45,85,Friday
2020-05-30,264.0,7.0,5.0,2.0,0.0,1.0,13.9,8.889999999999999,18.81,86,Saturday
2020-05-31,246.0,7.0,4.0,2.0,0.0,-1.0,13.23,6.11,19.14,87,Sunday
2020-06-01,659.0,8.0,4.0,1.0,1.0,1.0,17.0,10.919999999999998,23.69,88,Monday
2020-06-02,807.0,9.0,4.0,1.0,0.0,1.0,17.469999999999995,9.69,24.18,89,Tuesday
2020-06-03,828.0,9.0,5.0,0.0,0.0,0.0,18.99,11.14,26.590000000000003,90,Wednesday
2020-06-04,828.0,11.0,5.0,0.0,0.0,0.0,17.48,13.419999999999998,22.360000000000003,91,Thursday
2020-06-05,715.0,16.0,6.0,0.0,0.0,0.0,16.1,13.710000000000004,20.51,92,Friday
2020-06-06,229.0,17.0,6.0,0.0,0.0,0.0,18.53,11.85,24.81000000000001,93,Saturday
2020-06-07,211.0,16.0,5.0,0.0,0.0,1.0,19.93,12.45,26.070000000000004,94,Sunday
2020-06-08,814.0,17.0,5.0,0.0,0.0,0.0,15.38,13.75,19.62,95,Monday
2020-06-09,738.0,17.0,6.0,0.0,0.0,2.0,15.939999999999998,13.589999999999998,20.49,96,Tuesday
2020-06-10,758.0,15.0,6.0,0.0,0.0,2.0,16.009999999999998,11.93,22.03,97,Wednesday
2020-06-11,702.0,17.0,6.0,0.0,0.0,0.0,17.22,9.57,23.54,98,Thursday
2020-06-12,767.0,19.0,6.0,0.0,0.0,0.0,19.270000000000003,9.83,25.81,99,Friday
2020-06-13,291.0,22.0,6.0,0.0,0.0,0.0,21.440000000000005,12.36,28.06,100,Saturday
2020-06-14,212.0,23.0,6.0,0.0,0.0,0.0,19.79,13.69,26.12,101,Sunday
2020-06-15,567.0,24.0,6.0,1.0,0.0,2.0,17.330000000000002,15.580000000000002,19.36,102,Monday
2020-06-16,986.0,26.0,6.0,1.0,0.0,2.0,18.87,15.309999999999995,23.690000000000005,103,Tuesday
2020-06-17,952.0,34.0,6.0,1.0,0.0,0.0,19.250000000000004,15.48,24.57,104,Wednesday
2020-06-18,902.0,34.0,5.0,1.0,0.0,2.0,19.64,14.15,25.6,105,Thursday
2020-06-19,1147.0,35.0,7.0,1.0,0.0,5.0,18.74,14.7,25.12,106,Friday
2020-06-20,758.0,35.0,5.0,1.0,0.0,1.0,18.16666666666667,14.619999999999996,23.42,107,Saturday
2020-06-21,271.0,36.0,5.0,1.0,0.0,0.0,18.19,14.09,22.47,108,Sunday
2020-06-22,984.0,48.0,5.0,1.0,0.0,-1.0,22.16,15.72,28.12,109,Monday
2020-06-23,1222.0,52.0,4.0,1.0,2.0,2.0,21.89,14.260000000000002,28.32,110,Tuesday
2020-06-24,1212.0,58.0,5.0,2.0,0.0,0.0,20.32,12.6,25.92,111,Wednesday
2020-06-25,843.0,67.0,5.0,2.0,0.0,2.0,17.89,15.14,22.22,112,Thursday
2020-06-26,878.0,79.0,7.0,1.0,0.0,2.0,21.11,14.419999999999998,27.860000000000003,113,Friday
2020-06-27,625.0,85.0,8.0,0.0,0.0,3.0,23.43,14.210000000000004,30.05,114,Saturday
2020-06-28,300.0,88.0,7.0,0.0,0.0,1.0,24.57,16.11,31.24,115,Sunday
2020-06-29,1085.0,100.0,8.0,0.0,0.0,3.0,20.99,16.639999999999997,30.610000000000003,116,Monday
2020-06-30,1399.0,109.0,8.0,0.0,0.0,4.0,21.62,15.9,27.32,117,Tuesday
2020-07-01,1198.0,122.0,8.0,0.0,0.0,8.0,23.85,16.009999999999998,31.170000000000005,118,Wednesday
2020-07-02,1274.0,136.0,9.0,0.0,0.0,2.0,22.38,16.82,29.45,119,Thursday
2020-07-03,1456.0,160.0,10.0,0.0,0.0,6.0,18.91,17.18,23.15,120,Friday
2020-07-04,716.0,180.0,6.0,0.0,0.0,1.0,20.03,13.77,26.8,121,Saturday
2020-07-05,530.0,195.0,6.0,0.0,0.0,1.0,22.06,12.529999999999998,29.03,122,Sunday
2020-07-06,1325.0,205.0,11.0,0.0,0.0,13.0,22.46,15.05,30.899999999999995,123,Monday
2020-07-07,1607.0,223.0,12.0,0.0,0.0,6.0,17.520000000000003,12.920000000000002,23.57,124,Tuesday
2020-07-08,1271.0,230.0,14.0,0.0,0.0,6.0,19.6,10.09,26.07,125,Wednesday
2020-07-09,1390.0,236.0,15.0,0.0,0.0,11.0,21.62,12.67,28.75,126,Thursday
2020-07-10,1159.0,256.0,16.0,0.0,0.0,14.0,23.66,13.78,31.160000000000004,127,Friday
2020-07-11,560.0,262.0,16.0,0.0,0.0,9.0,19.630000000000003,15.05,27.7,128,Saturday
2020-07-12,440.0,266.0,15.0,1.0,0.0,4.0,17.869999999999997,14.449999999999998,23.55,129,Sunday
2020-07-13,1218.0,261.0,16.0,1.0,0.0,15.0,17.45,9.45,24.09,130,Monday
2020-07-14,1112.0,267.0,16.0,1.0,0.0,13.0,18.24,9.56,24.59,131,Tuesday
2020-07-15,1032.0,265.0,14.0,2.0,0.0,21.0,19.32,10.62,26.44,132,Wednesday
2020-07-16,1012.0,268.0,17.0,1.0,0.0,16.0,19.63,14.53,25.47,133,Thursday
2020-07-17,1027.0,262.0,18.0,1.0,0.0,30.0,16.970000000000002,14.54,22.32,134,Friday
2020-07-18,480.0,247.0,17.0,2.0,0.0,20.0,16.53,11.43,21.960000000000004,135,Saturday
2020-07-19,371.0,238.0,16.0,3.0,1.0,15.0,19.3,10.97,25.19,136,Sunday
2020-07-20,914.0,239.0,16.0,3.0,1.0,22.0,22.19,14.64,29.17,137,Monday
2020-07-21,1150.0,244.0,19.0,3.0,1.0,23.0,23.42,15.06,31.01,138,Tuesday
2020-07-22,935.0,258.0,20.0,2.0,1.0,13.0,21.96,17.259999999999998,29.41,139,Wednesday
2020-07-23,848.0,260.0,22.0,2.0,0.0,17.0,22.24,16.270000000000003,29.360000000000003,140,Thursday
2020-07-24,918.0,240.0,21.0,2.0,0.0,33.0,19.58,17.2,24.95,141,Friday
2020-07-25,565.0,241.0,15.0,4.0,1.0,15.0,19.590000000000003,16.380000000000003,26.3,142,Saturday
2020-07-26,335.0,238.0,17.0,4.0,0.0,8.0,21.16,14.029999999999998,28.48999999999999,143,Sunday
2020-07-27,874.0,242.0,17.0,3.0,0.0,9.0,23.35,15.660000000000002,29.57,144,Monday
2020-07-28,919.0,237.0,14.0,3.0,1.0,19.0,25.21,16.28,32.53,145,Tuesday
2020-07-29,879.0,242.0,17.0,4.0,0.0,18.0,24.87,18.54,31.2,146,Wednesday
2020-07-30,917.0,240.0,17.0,5.0,1.0,18.0,25.02,19.05,31.24,147,Thursday
2020-07-31,892.0,231.0,19.0,5.0,1.0,24.0,25.28,19.36,32.65,148,Friday
2020-08-01,374.0,234.0,17.0,5.0,0.0,5.0,25.630000000000003,19.54,32.25,149,Saturday
2020-08-02,272.0,228.0,20.0,2.0,1.0,5.0,21.93,19.020000000000003,27.309999999999995,150,Sunday
2020-08-03,890.0,213.0,19.0,1.0,2.0,23.0,19.91,17.619999999999997,24.84,151,Monday
2020-08-04,974.0,202.0,20.0,2.0,1.0,28.0,19.11,15.98,25.29,152,Tuesday
2020-08-05,771.0,190.0,19.0,3.0,1.0,26.0,17.57,14.62,21.01,153,Wednesday
2020-08-06,753.0,181.0,21.0,3.0,1.0,19.0,20.99,16.56,26.55,154,Thursday
2020-08-07,829.0,181.0,20.0,4.0,0.0,13.0,22.92,16.25,30.58,155,Friday
2020-08-08,304.0,167.0,19.0,3.0,1.0,15.0,23.91,15.939999999999998,31.55,156,Saturday
2020-08-09,322.0,168.0,21.0,3.0,1.0,4.0,23.86,16.4,31.89,157,Sunday
2020-08-10,1058.0,171.0,21.0,3.0,1.0,13.0,24.01,17.25,31.5,158,Monday
2020-08-11,1118.0,188.0,21.0,2.0,1.0,14.0,22.160000000000004,17.669999999999998,29.76,159,Tuesday
2020-08-12,856.0,193.0,21.0,2.0,0.0,24.0,23.06,17.02,29.950000000000006,160,Wednesday
2020-08-13,937.0,213.0,16.0,3.0,0.0,17.0,23.74,17.619999999999997,30.820000000000004,161,Thursday
2020-08-14,1034.0,230.0,15.0,3.0,0.0,15.0,21.419999999999995,17.65,29.12,162,Friday
2020-08-15,382.0,236.0,13.0,3.0,0.0,9.0,21.46,17.03,27.77,163,Saturday
2020-08-16,393.0,248.0,14.0,3.0,0.0,1.0,22.33,17.21,28.4,164,Sunday
2020-08-17,1143.0,266.0,16.0,3.0,0.0,9.0,21.97,17.770000000000003,30.1,165,Monday
2020-08-18,1092.0,285.0,13.0,3.0,0.0,18.0,19.22,16.009999999999998,24.59,166,Tuesday
2020-08-19,1168.0,313.0,14.0,3.0,0.0,15.0,20.06,14.85,27.7,167,Wednesday
2020-08-20,1096.0,341.0,15.0,2.0,0.0,9.0,21.89,13.64,29.4,168,Thursday
2020-08-21,1203.0,370.0,18.0,0.0,1.0,13.0,23.73,16.29,31.100000000000005,169,Friday
2020-08-22,760.0,402.0,18.0,0.0,1.0,2.0,24.49,17.610000000000003,31.75,170,Saturday
2020-08-23,543.0,410.0,17.0,0.0,0.0,4.0,21.84,19.280000000000005,25.98,171,Sunday
2020-08-24,1370.0,414.0,17.0,0.0,2.0,17.0,19.71,16.779999999999998,24.340000000000003,172,Monday
2020-08-25,1439.0,419.0,17.0,0.0,0.0,31.0,19.72,15.060000000000002,26.6,173,Tuesday
2020-08-26,1299.0,423.0,20.0,0.0,0.0,29.0,20.610000000000003,12.84,28.590000000000003,174,Wednesday
2020-08-27,1338.0,428.0,22.0,1.0,0.0,37.0,21.26,14.59,28.22,175,Thursday
2020-08-28,1328.0,433.0,21.0,1.0,0.0,32.0,22.57,14.919999999999998,29.140000000000004,176,Friday
2020-08-29,769.0,449.0,21.0,2.0,0.0,15.0,24.55,18.32,31.43,177,Saturday
2020-08-30,588.0,454.0,21.0,3.0,0.0,13.0,20.93,17.099999999999998,27.95,178,Sunday
2020-08-31,1415.0,468.0,22.0,3.0,0.0,27.0,15.829999999999998,14.0,20.33,179,Monday
2020-09-01,1608.0,486.0,22.0,3.0,0.0,36.0,15.919999999999998,12.810000000000002,22.71,180,Tuesday
2020-09-02,1653.0,496.0,22.0,4.0,1.0,43.0,15.46,10.2,22.46,181,Wednesday
2020-09-03,1733.0,505.0,22.0,4.0,0.0,38.0,16.06,11.18,23.41,182,Thursday
2020-09-04,1708.0,505.0,21.0,3.0,0.0,42.0,17.759999999999998,9.62,26.26,183,Friday
2020-09-05,1212.0,514.0,19.0,3.0,1.0,34.0,19.32,11.43,28.0,184,Saturday
2020-09-06,706.0,525.0,20.0,3.0,0.0,14.0,20.21,13.169999999999998,26.64,185,Sunday
2020-09-07,1581.0,547.0,22.0,4.0,0.0,21.0,18.21,15.64,23.07,186,Monday
2020-09-08,2560.0,590.0,24.0,4.0,0.0,36.0,17.160000000000004,12.44,24.66,187,Tuesday
2020-09-09,2489.0,635.0,23.0,4.0,0.0,33.0,17.570000000000004,10.02,25.879999999999995,188,Wednesday
2020-09-10,2758.0,701.0,21.0,5.0,0.0,42.0,19.69,12.37,27.1,189,Thursday
2020-09-11,3191.0,769.0,21.0,6.0,0.0,37.0,19.02,13.59,26.520000000000003,190,Friday
2020-09-12,1793.0,837.0,25.0,6.0,0.0,31.0,19.51,12.63,28.290000000000003,191,Saturday
2020-09-13,1110.0,866.0,31.0,7.0,0.0,18.0,20.26,12.97,28.88000000000001,192,Sunday
2020-09-14,2247.0,908.0,33.0,9.0,0.0,41.0,19.85,13.68,28.46,193,Monday
2020-09-15,3123.0,976.0,40.0,10.0,0.0,55.0,19.91,12.96,28.76,194,Tuesday
2020-09-16,3070.0,1027.0,50.0,11.0,0.0,52.0,19.78,14.189999999999998,27.6,195,Wednesday
2020-09-17,3557.0,1117.0,51.0,11.0,1.0,43.0,20.05,13.929999999999998,26.57,196,Thursday
2020-09-18,3070.0,1187.0,56.0,11.0,4.0,42.0,16.270000000000003,13.489999999999998,21.94,197,Friday
2020-09-19,2288.0,1255.0,57.0,10.0,1.0,42.0,14.04,9.31,22.23,198,Saturday
2020-09-20,984.0,1280.0,53.0,13.0,1.0,25.0,14.76,7.159999999999999,23.51,199,Sunday
2020-09-21,2335.0,1325.0,55.0,15.0,0.0,43.0,16.790000000000003,9.84,24.37,200,Monday
2020-09-22,2616.0,1382.0,58.0,13.0,0.0,78.0,17.43,12.79,24.24,201,Tuesday
2020-09-23,2848.0,1425.0,55.0,10.0,1.0,76.0,17.169999999999998,14.060000000000002,23.27,202,Wednesday
2020-09-24,3645.0,1510.0,50.0,13.0,2.0,108.0,18.660000000000004,12.720000000000002,24.7,203,Thursday
2020-09-25,2775.0,1589.0,45.0,15.0,0.0,104.0,15.53,13.47,20.8,204,Friday
2020-09-26,1917.0,1648.0,55.0,17.0,1.0,98.0,9.73,7.409999999999999,15.37,205,Saturday
2020-09-27,909.0,1640.0,63.0,17.0,1.0,45.0,11.06,4.97,15.710000000000004,206,Sunday
2020-09-28,2382.0,1656.0,63.0,16.0,2.0,83.0,10.97,9.4,14.28,207,Monday
2020-09-29,3391.0,1735.0,68.0,16.0,0.0,122.0,11.720000000000002,8.05,19.06,208,Tuesday
2020-09-30,2899.0,1806.0,70.0,16.0,1.0,102.0,12.65,7.13,21.290000000000003,209,Wednesday
2020-10-01,3281.0,1908.0,71.0,15.0,2.0,135.0,13.839999999999998,7.140000000000001,21.0,210,Thursday
2020-10-02,2893.0,2023.0,71.0,15.0,2.0,111.0,15.54,10.24,20.76,211,Friday
2020-10-03,1940.0,2080.0,79.0,15.0,2.0,111.0,17.1,12.24,22.3,212,Saturday
2020-10-04,1034.0,2105.0,85.0,16.0,0.0,49.0,14.18,11.86,19.880000000000003,213,Sunday
2020-10-05,2509.0,2207.0,86.0,21.0,1.0,85.0,13.77,9.53,19.32,214,Monday
2020-10-06,3998.0,2428.0,91.0,20.0,3.0,136.0,13.919999999999998,8.44,19.97,215,Tuesday
2020-10-07,3655.0,2695.0,100.0,22.0,0.0,120.0,10.83,8.459999999999999,15.16,216,Wednesday
2020-10-08,3682.0,2865.0,110.0,21.0,1.0,189.0,10.91,6.4,19.15,217,Thursday
2020-10-09,4362.0,3061.0,115.0,23.0,4.0,182.0,12.35,5.66,20.5,218,Friday
2020-10-10,2956.0,3314.0,128.0,21.0,2.0,158.0,13.22,8.17,19.36,219,Saturday
2020-10-11,1404.0,3444.0,131.0,27.0,0.0,37.0,7.69,5.54,13.799999999999995,220,Sunday
2020-10-12,3308.0,3744.0,146.0,26.0,2.0,95.0,7.88,4.840000000000001,11.65,221,Monday
2020-10-13,4902.0,4249.0,149.0,31.0,4.0,200.0,8.450000000000001,4.83,13.55,222,Tuesday
2020-10-14,5287.0,4822.0,175.0,35.0,2.0,174.0,9.16,2.61,16.84,223,Wednesday
2020-10-15,5196.0,5419.0,182.0,40.0,1.0,235.0,7.99,5.85,9.86,224,Thursday
2020-10-16,5605.0,6089.0,197.0,43.0,4.0,224.0,8.83,6.880000000000001,12.619999999999996,225,Friday
2020-10-17,3765.0,6648.0,206.0,44.0,4.0,164.0,8.66,6.069999999999999,14.63,226,Saturday
2020-10-18,2637.0,7110.0,215.0,50.0,4.0,73.0,8.71,5.4,15.28,227,Sunday
2020-10-19,4326.0,7722.0,235.0,56.0,2.0,188.0,8.830000000000002,4.83,15.15,228,Monday
2020-10-20,5891.0,8870.0,258.0,55.0,2.0,347.0,9.02,4.21,15.39,229,Tuesday
2020-10-21,6215.0,10152.0,278.0,55.0,10.0,379.0,12.81,6.109999999999999,18.62,230,Wednesday
2020-10-22,6745.0,11450.0,294.0,62.0,9.0,358.0,12.63,7.77,19.28,231,Thursday
2020-10-23,7025.0,13039.0,329.0,65.0,5.0,361.0,14.45,8.59,18.04,232,Friday
2020-10-24,5776.0,14330.0,383.0,66.0,19.0,405.0,13.94,12.36,17.34,233,Saturday
2020-10-25,3682.0,15279.0,435.0,73.0,6.0,159.0,12.99,10.23,18.67,234,Sunday
2020-10-26,5756.0,16382.0,441.0,82.0,10.0,386.0,15.470000000000002,9.65,18.89,235,Monday
2020-10-27,7471.0,18286.0,472.0,88.0,13.0,693.0,11.96,10.04,15.970000000000002,236,Tuesday
2020-10-28,7202.0,20030.0,510.0,102.0,14.0,734.0,9.95,7.0,16.61,237,Wednesday
2020-10-29,6368.0,20994.0,546.0,114.0,14.0,813.0,8.87,4.949999999999999,15.21,238,Thursday
2020-10-30,6710.0,21893.0,580.0,123.0,23.0,875.0,11.3,6.510000000000001,16.57,239,Friday
2020-10-31,4807.0,22513.0,656.0,123.0,23.0,702.0,10.66,5.9,19.8,240,Saturday
2020-11-01,2244.0,22533.0,690.0,131.0,25.0,512.0,10.470000000000002,4.65,15.420000000000002,241,Sunday
2020-11-02,4587.0,22908.0,728.0,140.0,25.0,778.0,12.409999999999998,7.699999999999998,18.64,242,Monday
2020-11-03,6311.0,23435.0,779.0,146.0,24.0,1476.0,12.88,8.74,19.85,243,Tuesday
2020-11-04,5991.0,23456.0,824.0,155.0,29.0,1640.0,11.56,8.73,14.13,244,Wednesday
2020-11-05,5895.0,23362.0,858.0,165.0,30.0,1635.0,10.68,9.16,13.7,245,Thursday
2020-11-06,6340.0,23006.0,904.0,165.0,26.0,1935.0,6.640000000000001,2.97,14.99,246,Friday
2020-11-07,3918.0,22195.0,910.0,174.0,34.0,1679.0,5.39,-0.2299999999999999,14.57,247,Saturday
2020-11-08,2063.0,21543.0,950.0,175.0,23.0,1094.0,5.360000000000001,0.3,12.64,248,Sunday
2020-11-09,4457.0,21130.0,954.0,189.0,24.0,1475.0,5.4,2.43,8.1,249,Monday
2020-11-10,7515.0,20747.0,978.0,193.0,27.0,2571.0,6.04,4.1,8.34,250,Tuesday
2020-11-11,6767.0,20187.0,994.0,198.0,40.0,2451.0,5.790000000000001,4.340000000000001,8.03,251,Wednesday
2020-11-12,5762.0,19903.0,1017.0,193.0,41.0,1762.0,6.5,4.39,8.350000000000001,252,Thursday
2020-11-13,6657.0,19846.0,999.0,200.0,38.0,1756.0,6.859999999999999,4.42,9.96,253,Friday
2020-11-14,3563.0,19421.0,1023.0,201.0,41.0,1315.0,7.260000000000001,4.35,11.34,254,Saturday
2020-11-15,1792.0,19364.0,1063.0,198.0,32.0,523.0,6.88,3.75,9.42,255,Sunday
2020-11-16,5326.0,19580.0,1059.0,205.0,34.0,1132.0,7.390000000000001,4.48,9.61,256,Monday
2020-11-17,6813.0,19566.0,1069.0,206.0,45.0,1989.0,6.719999999999999,3.69,12.93,257,Tuesday
2020-11-18,6806.0,19943.0,1073.0,207.0,43.0,1646.0,5.380000000000001,1.44,12.04,258,Wednesday
2020-11-19,5673.0,19925.0,1041.0,197.0,45.0,1536.0,4.51,1.91,7.19,259,Thursday
2020-11-20,6580.0,20003.0,1059.0,195.0,31.0,1582.0,5.69,2.8600000000000003,9.1,260,Friday
2020-11-21,3434.0,20137.0,1026.0,193.0,31.0,865.0,1.27,-2.0200000000000005,7.479999999999999,261,Saturday
2020-11-22,1742.0,20142.0,1049.0,195.0,26.0,421.0,0.14,-5.449999999999999,8.3,262,Sunday
2020-11-23,5596.0,20361.0,1091.0,201.0,45.0,1030.0,1.7900000000000005,-3.4900000000000007,8.42,263,Monday
2020-11-24,8063.0,20367.0,1097.0,202.0,59.0,2185.0,2.34,-1.34,9.330000000000002,264,Tuesday
2020-11-25,7396.0,20217.0,1098.0,199.0,43.0,1886.0,0.38,-3.34,4.619999999999999,265,Wednesday
2020-11-26,6587.0,20313.0,1096.0,206.0,46.0,1468.0,0.6799999999999999,-1.69,3.78,266,Thursday
2020-11-27,6938.0,20174.0,1129.0,195.0,48.0,1697.0,0.89,-0.94,3.5,267,Friday
2020-11-28,3644.0,20361.0,1070.0,187.0,43.0,874.0,1.92,-0.61,3.410000000000001,268,Saturday
2020-11-29,1875.0,20288.0,1086.0,192.0,48.0,449.0,1.4200000000000002,-1.05,5.8,269,Sunday
2020-11-30,5868.0,20194.0,1097.0,201.0,51.0,1338.0,-0.25,-3.5,6.000000000000001,270,Monday
2020-12-01,7178.0,20614.0,1091.0,208.0,55.0,1961.0,-0.72,-5.930000000000001,2.44,271,Tuesday
2020-12-02,6704.0,20322.0,1088.0,197.0,57.0,2023.0,-0.67,-1.39,0.7100000000000002,272,Wednesday
2020-12-03,6928.0,20559.0,1094.0,195.0,45.0,1488.0,0.29,-1.6599999999999997,1.4600000000000002,273,Thursday
2020-12-04,6344.0,20515.0,1087.0,197.0,61.0,1644.0,1.17,-2.4200000000000004,4.07,274,Friday
2020-12-05,3744.0,20523.0,1081.0,191.0,47.0,981.0,3.85,1.26,5.429999999999999,275,Saturday
2020-12-06,1751.0,20532.0,1108.0,194.0,44.0,419.0,4.37,1.5599999999999998,7.029999999999999,276,Sunday
2020-12-07,6158.0,20854.0,1110.0,191.0,52.0,1242.0,4.970000000000001,2.3600000000000003,9.17,277,Monday
2020-12-08,7003.0,20760.0,1115.0,189.0,66.0,2196.0,3.37,0.32,5.92,278,Tuesday
2020-12-09,6410.0,20830.0,1086.0,196.0,38.0,1733.0,2.65,1.72,4.49,279,Wednesday
2020-12-10,6453.0,21034.0,1071.0,187.0,49.0,1563.0,2.8999999999999995,0.6,5.169999999999999,280,Thursday
2020-12-11,6127.0,21183.0,1075.0,193.0,49.0,1558.0,3.31,1.78,4.999999999999999,281,Friday
2020-12-12,2648.0,20908.0,1087.0,189.0,43.0,1087.0,3.03,1.8200000000000005,5.01,282,Saturday
2020-12-13,1679.0,20914.0,1118.0,197.0,22.0,383.0,2.59,0.61,5.609999999999999,283,Sunday
2020-12-14,5634.0,21147.0,1115.0,205.0,44.0,1255.0,1.8700000000000003,-0.11,5.23,284,Monday
2020-12-15,6579.0,20821.0,1083.0,201.0,44.0,2396.0,1.92,0.14,3.9,285,Tuesday
2020-12-16,6350.0,20693.0,1047.0,204.0,42.0,1733.0,2.4,-0.0199999999999999,5.48,286,Wednesday
2020-12-17,5862.0,20424.0,1027.0,202.0,43.0,1744.0,3.61,0.8699999999999999,6.459999999999999,287,Thursday
2020-12-18,5600.0,20207.0,1008.0,204.0,42.0,1607.0,3.73,1.5099999999999998,5.930000000000001,288,Friday
2020-12-19,2646.0,20056.0,999.0,200.0,40.0,993.0,3.7599999999999993,2.68,5.030000000000001,289,Saturday
2020-12-20,1446.0,19972.0,1015.0,199.0,40.0,455.0,3.87,2.920000000000001,4.79,290,Sunday
2020-12-21,5763.0,19893.0,1065.0,206.0,25.0,1591.0,4.27,3.4300000000000006,5.1000000000000005,291,Monday
2020-12-22,6524.0,19910.0,1054.0,207.0,39.0,2104.0,5.97,3.5700000000000003,8.08,292,Tuesday
2020-12-23,6385.0,20122.0,1021.0,205.0,36.0,1825.0,7.769999999999999,3.94,10.79,293,Wednesday
2020-12-24,5187.0,20118.0,981.0,208.0,27.0,1787.0,9.13,6.17,12.2,294,Thursday
2020-12-25,1336.0,18737.0,942.0,200.0,29.0,1725.0,4.73,3.4799999999999995,8.620000000000001,295,Friday
2020-12-26,1880.0,18526.0,958.0,207.0,25.0,800.0,1.54,-0.6900000000000001,5.14,296,Saturday
2020-12-27,1664.0,18626.0,974.0,205.0,34.0,403.0,-0.8100000000000002,-4.3500000000000005,1.87,297,Sunday
2020-12-28,5677.0,19086.0,1018.0,203.0,30.0,1497.0,2.49,-1.93,5.17,298,Monday
2020-12-29,5764.0,19404.0,969.0,201.0,35.0,2078.0,4.779999999999999,0.55,7.31,299,Tuesday
2020-12-30,6011.0,20185.0,967.0,205.0,34.0,1616.0,4.22,2.49,7.75,300,Wednesday
2020-12-31,4073.0,20440.0,983.0,191.0,32.0,1486.0,2.27,-0.0799999999999999,6.340000000000001,301,Thursday
2021-01-01,1419.0,19409.0,926.0,184.0,31.0,1391.0,2.91,-1.83,6.2700000000000005,302,Friday
2021-01-02,2304.0,19289.0,927.0,184.0,39.0,853.0,4.94,2.41,6.659999999999999,303,Saturday
2021-01-03,2041.0,19659.0,987.0,186.0,29.0,361.0,4.699999999999999,2.83,7.67,304,Sunday
2021-01-04,5966.0,20713.0,1018.0,191.0,35.0,1521.0,4.15,2.85,5.540000000000001,305,Monday
2021-01-05,6956.0,21984.0,1009.0,184.0,30.0,2126.0,3.7,1.7400000000000002,6.359999999999999,306,Tuesday
2021-01-06,6370.0,22617.0,990.0,187.0,31.0,2041.0,1.9800000000000004,0.9,4.539999999999999,307,Wednesday
2021-01-07,5259.0,22889.0,982.0,187.0,23.0,1787.0,1.53,-0.54,3.62,308,Thursday
2021-01-08,4895.0,24382.0,972.0,188.0,25.0,343.0,0.8899999999999999,-0.5599999999999999,3.25,309,Friday
2021-01-09,2669.0,24523.0,954.0,189.0,26.0,598.0,-0.85,-3.75,2.38,310,Saturday
2021-01-10,1720.0,24416.0,992.0,200.0,25.0,509.0,-0.48,-2.01,0.7599999999999999,311,Sunday
2021-01-11,5512.0,24334.0,1008.0,197.0,24.0,1961.0,-2.54,-5.24,1.91,312,Monday
2021-01-12,6193.0,24009.0,1013.0,189.0,31.0,2413.0,-3.3600000000000003,-8.73,0.4999999999999999,313,Tuesday
2021-01-13,5637.0,23388.0,1043.0,201.0,17.0,2406.0,-2.56,-6.49,5.069999999999999,314,Wednesday
2021-01-14,4897.0,23117.0,1070.0,196.0,23.0,1744.0,-0.4899999999999999,-6.239999999999999,5.870000000000001,315,Thursday
2021-01-15,4763.0,24268.0,1072.0,194.0,28.0,380.0,-2.72,-7.81,3.85,316,Friday
2021-01-16,2497.0,24081.0,1035.0,189.0,19.0,722.0,-3.64,-7.589999999999999,2.4300000000000006,317,Saturday
2021-01-17,1404.0,23615.0,1033.0,187.0,40.0,740.0,-2.91,-7.3199999999999985,0.06,318,Sunday
2021-01-18,5306.0,22717.0,1057.0,180.0,26.0,2580.0,-2.21,-4.92,2.78,319,Monday
2021-01-19,5384.0,21007.0,1016.0,184.0,25.0,3402.0,0.36,-6.57,4.969999999999999,320,Tuesday
2021-01-20,4813.0,19768.0,1000.0,178.0,26.0,2670.0,5.08,0.0699999999999999,7.970000000000001,321,Wednesday
2021-01-21,4872.0,19145.0,978.0,181.0,27.0,2059.0,8.0,4.119999999999999,10.51,322,Thursday
2021-01-22,4405.0,18804.0,957.0,183.0,25.0,1842.0,10.03,5.880000000000001,12.47,323,Friday
2021-01-23,2140.0,18581.0,944.0,185.0,20.0,733.0,7.109999999999999,5.1800000000000015,11.42,324,Saturday
2021-01-24,1293.0,18452.0,965.0,184.0,31.0,407.0,2.39,0.77,6.0200000000000005,325,Sunday
2021-01-25,4700.0,18224.0,985.0,188.0,19.0,1883.0,0.37,-2.1,3.0500000000000003,326,Monday
2021-01-26,5418.0,17996.0,976.0,181.0,27.0,2086.0,-0.6299999999999999,-3.1499999999999995,3.8400000000000007,327,Tuesday
2021-01-27,4958.0,17729.0,976.0,168.0,19.0,1785.0,-0.72,-4.72,4.6,328,Wednesday
2021-01-28,4506.0,17533.0,937.0,169.0,23.0,1481.0,1.33,-4.3100000000000005,4.5600000000000005,329,Thursday
2021-01-29,4299.0,17285.0,914.0,168.0,20.0,1528.0,2.8200000000000003,-0.7,6.49,330,Friday
2021-01-30,2408.0,17297.0,886.0,161.0,22.0,562.0,3.82,-0.5700000000000001,8.029999999999998,331,Saturday
2021-01-31,1461.0,17345.0,888.0,165.0,13.0,281.0,0.8500000000000002,-2.220446049250313e-17,5.569999999999999,332,Sunday
2021-02-01,4536.0,17154.0,895.0,171.0,19.0,1688.0,0.0699999999999999,-4.08,4.49,333,Monday
2021-02-02,5709.0,17003.0,864.0,168.0,19.0,1695.0,2.1000000000000005,-2.08,5.59,334,Tuesday
2021-02-03,5160.0,16812.0,849.0,163.0,23.0,1442.0,7.26,1.03,10.34,335,Wednesday
2021-02-04,5247.0,16311.0,824.0,165.0,16.0,1447.0,8.69,5.15,14.1,336,Thursday
2021-02-05,4541.0,15774.0,827.0,161.0,14.0,1503.0,8.63,5.380000000000001,12.85,337,Friday
2021-02-06,2497.0,15731.0,770.0,156.0,18.0,530.0,9.02,6.160000000000001,12.15,338,Saturday
2021-02-07,1565.0,15742.0,774.0,157.0,11.0,285.0,9.76,5.909999999999998,14.07,339,Sunday
2021-02-08,1493.0,14398.0,786.0,160.0,12.0,1663.0,5.410000000000001,3.41,10.71,340,Monday
2021-02-09,5061.0,13890.0,786.0,159.0,19.0,1864.0,4.8100000000000005,3.14,6.659999999999999,341,Tuesday
2021-02-10,5482.0,13687.0,708.0,156.0,13.0,1531.0,4.8,3.31,6.73,342,Wednesday
2021-02-11,5151.0,13429.0,673.0,155.0,10.0,1290.0,-1.0699999999999998,-2.88,4.67,343,Thursday
2021-02-12,4458.0,13120.0,636.0,153.0,15.0,1289.0,-4.790000000000001,-6.960000000000001,-1.1,344,Friday
2021-02-13,2224.0,12920.0,592.0,146.0,13.0,575.0,-3.51,-8.1,-0.5,345,Saturday
2021-02-14,1633.0,12816.0,603.0,137.0,12.0,337.0,-2.24,-6.460000000000001,4.41,346,Sunday
2021-02-15,4414.0,12046.0,604.0,134.0,11.0,1511.0,-2.24,-9.12,5.499999999999998,347,Monday
2021-02-16,5140.0,11579.0,565.0,126.0,5.0,1555.0,2.3600000000000003,-2.8400000000000003,8.870000000000001,348,Tuesday
2021-02-17,4271.0,11187.0,521.0,127.0,12.0,1257.0,2.9200000000000004,-1.15,9.849999999999998,349,Wednesday
2021-02-18,4556.0,11138.0,503.0,116.0,10.0,953.0,4.5,-2.02,11.53,350,Thursday
2021-02-19,4397.0,11114.0,508.0,115.0,7.0,977.0,6.519999999999999,1.5399999999999998,12.61,351,Friday
2021-02-20,2067.0,11035.0,470.0,109.0,7.0,491.0,7.139999999999999,2.03,13.98,352,Saturday
2021-02-21,1428.0,10977.0,463.0,103.0,7.0,300.0,7.610000000000001,3.34,14.240000000000004,353,Sunday
2021-02-22,4369.0,11542.0,480.0,104.0,8.0,330.0,7.839999999999999,1.29,15.449999999999998,354,Monday
2021-02-23,5316.0,11268.0,460.0,107.0,8.0,1359.0,7.890000000000001,1.48,17.93,355,Tuesday
2021-02-24,4565.0,10789.0,442.0,104.0,10.0,1331.0,8.15,0.12,19.780000000000005,356,Wednesday
2021-02-25,4484.0,10662.0,443.0,103.0,7.0,1033.0,8.26,0.82,19.85,357,Thursday
2021-02-26,4861.0,10618.0,436.0,93.0,14.0,980.0,8.25,0.18,20.35,358,Friday
2021-02-27,2611.0,10686.0,418.0,95.0,13.0,380.0,7.220000000000001,1.13,13.06,359,Saturday
2021-02-28,1451.0,10688.0,436.0,93.0,7.0,233.0,3.39,-1.4800000000000002,12.04,360,Sunday
2021-03-01,4487.0,10672.0,452.0,91.0,11.0,737.0,4.77,-3.46,14.16,361,Monday
2021-03-02,6231.0,10784.0,443.0,85.0,9.0,1089.0,4.3100000000000005,-2.4300000000000006,14.739999999999998,362,Tuesday
2021-03-03,5838.0,10931.0,434.0,82.0,11.0,871.0,5.4,-3.250000000000001,17.02,363,Wednesday
2021-03-04,5440.0,10905.0,426.0,85.0,4.0,907.0,7.999999999999998,-0.3399999999999999,16.220000000000002,364,Thursday
2021-03-05,5288.0,10871.0,437.0,84.0,4.0,954.0,6.890000000000001,2.49,15.570000000000002,365,Friday
2021-03-06,2785.0,10836.0,410.0,88.0,6.0,416.0,1.23,-1.4099999999999997,7.52,366,Saturday
2021-03-07,1681.0,10797.0,422.0,88.0,3.0,244.0,0.6100000000000001,-6.23,9.669999999999998,367,Sunday
2021-03-08,4700.0,10637.0,436.0,91.0,6.0,896.0,4.609999999999999,-3.67,11.760000000000002,368,Monday
2021-03-09,6017.0,10502.0,416.0,90.0,7.0,1091.0,3.4300000000000006,-0.8399999999999999,9.5,369,Tuesday
2021-03-10,5794.0,10505.0,394.0,91.0,4.0,849.0,2.9399999999999995,-2.23,10.23,370,Wednesday
2021-03-11,5222.0,10357.0,364.0,89.0,10.0,912.0,6.65,-2.51,11.15,371,Thursday
2021-03-12,5167.0,10260.0,354.0,83.0,8.0,946.0,8.39,5.65,12.11,372,Friday
2021-03-13,2984.0,10287.0,347.0,84.0,3.0,450.0,9.010000000000002,2.6,14.48,373,Saturday
2021-03-14,1625.0,10246.0,355.0,83.0,5.0,242.0,4.6,2.54,11.580000000000002,374,Sunday
2021-03-15,4842.0,10437.0,376.0,87.0,4.0,727.0,4.28,0.0899999999999999,11.86,375,Monday
2021-03-16,5989.0,10339.0,367.0,84.0,3.0,1205.0,5.08,-1.3199999999999998,12.5,376,Tuesday
2021-03-17,5442.0,10293.0,361.0,83.0,7.0,1019.0,3.1000000000000005,-2.7299999999999995,10.76,377,Wednesday
2021-03-18,5502.0,10352.0,377.0,85.0,3.0,875.0,1.95,-1.61,8.67,378,Thursday
2021-03-19,5651.0,10460.0,397.0,88.0,10.0,920.0,1.3,-4.44,8.85,379,Friday
2021-03-20,2849.0,10594.0,370.0,88.0,6.0,379.0,1.27,-3.4400000000000004,6.779999999999999,380,Saturday
2021-03-21,1842.0,10673.0,380.0,93.0,5.0,207.0,2.52,-4.77,7.339999999999999,381,Sunday
2021-03-22,5022.0,10918.0,398.0,96.0,4.0,734.0,4.249999999999999,-1.8500000000000003,10.28,382,Monday
2021-03-23,6979.0,11247.0,410.0,97.0,9.0,951.0,5.98,-0.4599999999999999,11.9,383,Tuesday
2021-03-24,6432.0,11548.0,402.0,98.0,9.0,858.0,6.37,-0.7900000000000001,14.59,384,Wednesday
2021-03-25,6646.0,11813.0,395.0,106.0,4.0,762.0,6.9,-1.8,16.44,385,Thursday
2021-03-26,6767.0,12213.0,394.0,106.0,10.0,849.0,10.17,-0.2799999999999999,19.34,386,Friday
2021-03-27,3462.0,12372.0,393.0,104.0,3.0,475.0,9.88,2.42,16.529999999999998,387,Saturday
2021-03-28,1774.0,12456.0,395.0,104.0,7.0,199.0,7.390000000000001,4.959999999999999,12.47,388,Sunday
2021-03-29,5513.0,12619.0,416.0,110.0,6.0,905.0,10.32,1.85,19.98,389,Monday
2021-03-30,7281.0,13077.0,413.0,102.0,16.0,1107.0,12.62,4.11,22.96,390,Tuesday
2021-03-31,5698.0,13441.0,392.0,108.0,7.0,969.0,13.6,4.0,24.03,391,Wednesday
2021-04-01,5427.0,13669.0,412.0,106.0,7.0,935.0,14.839999999999998,4.51,25.65,392,Thursday
2021-04-02,5052.0,13935.0,399.0,116.0,9.0,1029.0,14.41,8.64,21.79,393,Friday
2021-04-03,2825.0,14138.0,408.0,123.0,5.0,511.0,8.59,6.4300000000000015,14.72,394,Saturday
2021-04-04,1568.0,14131.0,411.0,123.0,7.0,283.0,5.6000000000000005,1.3299999999999998,11.82,395,Sunday
2021-04-05,1927.0,13416.0,430.0,126.0,7.0,981.0,8.010000000000002,-2.06,14.82,396,Monday
2021-04-06,4889.0,13320.0,440.0,133.0,7.0,1286.0,0.5299999999999999,-1.3000000000000005,9.249999999999998,397,Tuesday
2021-04-07,5436.0,13688.0,450.0,131.0,3.0,1158.0,0.09,-5.31,7.080000000000001,398,Wednesday
2021-04-08,5265.0,13935.0,470.0,129.0,5.0,1034.0,4.0,-4.59,12.19,399,Thursday
2021-04-09,4811.0,13940.0,480.0,138.0,3.0,1240.0,8.41,-2.5699999999999994,14.929999999999998,400,Friday
2021-04-10,2895.0,13848.0,465.0,140.0,12.0,634.0,11.19,2.87,16.63,401,Saturday
2021-04-11,1521.0,13850.0,476.0,139.0,7.0,282.0,10.89,8.879999999999999,13.53,402,Sunday
2021-04-12,4707.0,13816.0,495.0,141.0,7.0,1080.0,10.330000000000002,7.95,14.18,403,Monday
2021-04-13,5377.0,13480.0,472.0,145.0,4.0,1567.0,3.9499999999999993,2.56,8.540000000000001,404,Tuesday
2021-04-14,4359.0,13034.0,469.0,153.0,5.0,1333.0,4.720000000000001,0.96,10.7,405,Wednesday
2021-04-15,4315.0,12724.0,475.0,149.0,7.0,1167.0,5.1,-1.85,11.510000000000002,406,Thursday
2021-04-16,3845.0,12196.0,487.0,152.0,5.0,1294.0,6.36,-1.64,12.93,407,Friday
2021-04-17,2641.0,11951.0,479.0,150.0,6.0,715.0,7.81,0.3999999999999999,12.04,408,Saturday
2021-04-18,1644.0,11901.0,479.0,152.0,6.0,275.0,7.729999999999999,5.049999999999999,11.11,409,Sunday
2021-04-19,3643.0,12354.0,497.0,155.0,8.0,268.0,7.7799999999999985,4.29,11.97,410,Monday
2021-04-20,4892.0,12201.0,493.0,156.0,5.0,1189.0,8.44,4.8100000000000005,15.22,411,Tuesday
2021-04-21,4325.0,11414.0,478.0,153.0,4.0,1520.0,10.64,1.57,18.079999999999995,412,Wednesday
2021-04-22,5372.0,11031.0,466.0,154.0,11.0,1276.0,11.38,3.62,19.190000000000005,413,Thursday
2021-04-23,5180.0,10605.0,472.0,157.0,8.0,1249.0,10.98,4.35,18.28,414,Friday
2021-04-24,2690.0,10473.0,459.0,159.0,8.0,544.0,11.650000000000002,2.26,19.4,415,Saturday
2021-04-25,1354.0,10374.0,474.0,156.0,5.0,285.0,13.37,2.81,21.75,416,Sunday
2021-04-26,3653.0,10134.0,487.0,156.0,6.0,1043.0,8.17,6.270000000000001,13.96,417,Monday
2021-04-27,2008.0,9302.0,489.0,160.0,7.0,1221.0,7.580000000000001,4.76,9.13,418,Tuesday
2021-04-28,3937.0,9329.0,467.0,154.0,15.0,887.0,10.43,6.42,13.93,419,Wednesday
2021-04-29,4442.0,9416.0,483.0,153.0,7.0,855.0,14.779999999999998,7.56,19.73,420,Thursday
2021-04-30,4197.0,9663.0,474.0,152.0,7.0,764.0,16.76,11.52,21.880000000000003,421,Friday
2021-05-01,1827.0,9554.0,464.0,152.0,8.0,471.0,17.57,12.079999999999998,23.51,422,Saturday
2021-05-02,1380.0,9531.0,454.0,151.0,5.0,227.0,13.03,9.84,18.610000000000003,423,Sunday
2021-05-03,4024.0,9698.0,460.0,148.0,6.0,722.0,9.81,6.889999999999999,15.740000000000004,424,Monday
2021-05-04,4750.0,9588.0,441.0,143.0,4.0,1034.0,13.32,2.84,19.84,425,Tuesday
2021-05-05,4228.0,9621.0,420.0,140.0,6.0,741.0,12.56,7.37,19.08,426,Wednesday
2021-05-06,4029.0,9329.0,411.0,140.0,3.0,898.0,8.53,6.32,11.54,427,Thursday
2021-05-07,4327.0,9132.0,397.0,141.0,3.0,830.0,9.49,6.959999999999999,13.15,428,Friday
2021-05-08,2406.0,9006.0,376.0,127.0,1.0,410.0,11.02,4.92,17.580000000000002,429,Saturday
2021-05-09,1310.0,8960.0,370.0,129.0,7.0,186.0,15.52,4.02,23.4,430,Sunday
2021-05-10,3722.0,8641.0,377.0,132.0,6.0,807.0,18.54,8.670000000000002,25.53,431,Monday
2021-05-11,4700.0,8967.0,346.0,131.0,3.0,402.0,19.71,8.71,26.120000000000005,432,Tuesday
2021-05-12,4636.0,8645.0,336.0,127.0,2.0,917.0,14.09,12.730000000000002,19.950000000000003,433,Wednesday
2021-05-13,3962.0,8168.0,327.0,123.0,4.0,943.0,13.76,11.43,18.38,434,Thursday
2021-05-14,4177.0,7645.0,319.0,124.0,6.0,1013.0,13.07,10.11,18.3,435,Friday
2021-05-15,2471.0,7571.0,300.0,121.0,6.0,363.0,13.78,9.2,19.19,436,Saturday
2021-05-16,1504.0,7476.0,288.0,120.0,4.0,207.0,15.35,11.28,20.05,437,Sunday
2021-05-17,4233.0,7080.0,285.0,122.0,3.0,887.0,11.669999999999998,9.87,17.33,438,Monday
2021-05-18,4469.0,6688.0,270.0,113.0,6.0,925.0,14.239999999999998,5.659999999999999,21.68,439,Tuesday
2021-05-19,3852.0,6269.0,257.0,111.0,5.0,770.0,9.919999999999998,8.889999999999999,14.1,440,Wednesday
2021-05-20,4136.0,5994.0,251.0,111.0,7.0,606.0,12.739999999999998,7.88,20.01,441,Thursday
2021-05-21,4045.0,5742.0,242.0,106.0,3.0,633.0,15.49,5.039999999999999,21.6,442,Friday
2021-05-22,2118.0,5609.0,221.0,98.0,1.0,287.0,15.82,12.68,19.08,443,Saturday
2021-05-23,1405.0,5547.0,207.0,99.0,4.0,144.0,12.72,10.38,19.21,444,Sunday
2021-05-24,3565.0,5379.0,220.0,96.0,2.0,488.0,11.06,7.390000000000001,13.07,445,Monday
2021-05-25,4242.0,5040.0,203.0,92.0,3.0,725.0,11.56,8.639999999999999,18.37,446,Tuesday
2021-05-26,4018.0,4808.0,192.0,85.0,5.0,596.0,13.48,6.12,20.63,447,Wednesday
2021-05-27,3592.0,4625.0,185.0,80.0,3.0,468.0,14.570000000000002,6.950000000000001,22.85,448,Thursday
2021-05-28,3715.0,4485.0,173.0,79.0,4.0,494.0,15.02,8.11,21.18,449,Friday
2021-05-29,1854.0,4329.0,157.0,76.0,2.0,291.0,13.5,9.8,19.34,450,Saturday
2021-05-30,1503.0,4306.0,165.0,77.0,2.0,114.0,12.85,8.059999999999999,19.020000000000003,451,Sunday
2021-05-31,3381.0,4132.0,172.0,73.0,1.0,496.0,14.32,5.39,20.520000000000003,452,Monday
2021-06-01,4174.0,3967.0,159.0,68.0,1.0,534.0,15.37,7.77,21.590000000000003,453,Tuesday
2021-06-02,3841.0,3882.0,151.0,63.0,4.0,355.0,17.299999999999997,7.63,24.2,454,Wednesday
2021-06-03,3927.0,3828.0,151.0,62.0,3.0,332.0,18.590000000000003,9.62,25.9,455,Thursday
2021-06-04,3478.0,3693.0,144.0,61.0,2.0,380.0,20.410000000000004,11.459999999999996,27.28,456,Friday
2021-06-05,2257.0,3692.0,148.0,53.0,2.0,157.0,21.39,14.169999999999998,28.22000000000001,457,Saturday
2021-06-06,1329.0,3666.0,149.0,49.0,1.0,82.0,18.56,15.820000000000002,22.28,458,Sunday
2021-06-07,3053.0,3563.0,152.0,51.0,2.0,322.0,18.92,15.79,24.860000000000003,459,Monday
2021-06-08,3508.0,3426.0,144.0,51.0,1.0,390.0,20.06,13.97,27.45,460,Tuesday
2021-06-09,3036.0,3254.0,141.0,47.0,1.0,366.0,19.66,12.84,27.46,461,Wednesday
2021-06-10,2737.0,3088.0,124.0,48.0,1.0,284.0,19.26,15.43,25.59,462,Thursday
2021-06-11,2700.0,2858.0,119.0,46.0,5.0,353.0,18.71,13.28,26.17,463,Friday
2021-06-12,1376.0,2812.0,96.0,42.0,3.0,134.0,20.87,12.96,27.540000000000003,464,Saturday
2021-06-13,1024.0,2744.0,91.0,44.0,3.0,90.0,20.21,16.830000000000002,25.66,465,Sunday
2021-06-14,2332.0,2534.0,92.0,42.0,2.0,321.0,17.61,10.82,23.66,466,Monday
2021-06-15,2654.0,2278.0,82.0,40.0,2.0,372.0,19.62,9.8,26.71,467,Tuesday
2021-06-16,2344.0,2089.0,83.0,38.0,1.0,273.0,21.79,13.669999999999998,29.22,468,Wednesday
2021-06-17,2418.0,1898.0,75.0,37.0,0.0,278.0,23.35,13.5,29.820000000000004,469,Thursday
2021-06-18,2255.0,1735.0,70.0,39.0,2.0,246.0,23.65,15.79,30.12,470,Friday
2021-06-19,1067.0,1604.0,64.0,37.0,1.0,157.0,24.72,16.36,31.829999999999995,471,Saturday
2021-06-20,810.0,1565.0,65.0,37.0,0.0,55.0,25.84,18.09,31.94,472,Sunday
2021-06-21,2194.0,1412.0,70.0,35.0,3.0,219.0,26.68,18.91,32.68,473,Monday
2021-06-22,2090.0,1212.0,59.0,33.0,1.0,253.0,25.65,18.68,32.41,474,Tuesday
2021-06-23,2163.0,1060.0,54.0,29.0,1.0,195.0,26.35,15.15,33.11,475,Wednesday
2021-06-24,2172.0,983.0,52.0,28.0,0.0,123.0,27.67,18.880000000000003,33.7,476,Thursday
2021-06-25,957.0,868.0,48.0,26.0,0.0,124.0,23.57,18.17,30.58,477,Friday
2021-06-26,861.0,796.0,51.0,23.0,2.0,91.0,23.15,15.470000000000002,29.590000000000003,478,Saturday
2021-06-27,657.0,783.0,53.0,22.0,0.0,24.0,23.97,16.22,30.22,479,Sunday
2021-06-28,1657.0,706.0,52.0,22.0,0.0,113.0,25.59,16.029999999999998,33.33,480,Monday
2021-06-29,2039.0,636.0,52.0,19.0,0.0,117.0,26.65,16.169999999999998,34.08999999999999,481,Tuesday
2021-06-30,1633.0,575.0,52.0,16.0,0.0,84.0,24.33,18.36,30.91,482,Wednesday
2021-07-01,1662.0,510.0,51.0,15.0,0.0,89.0,17.5,14.26,24.83,483,Thursday
2021-07-02,1520.0,456.0,49.0,15.0,0.0,84.0,19.58,13.169999999999998,26.46,484,Friday
2021-07-03,850.0,439.0,46.0,15.0,0.0,26.0,22.24,12.63,28.93,485,Saturday
2021-07-04,605.0,428.0,44.0,16.0,0.0,18.0,20.35,16.98,25.520000000000003,486,Sunday
2021-07-05,1703.0,409.0,43.0,15.0,1.0,66.0,20.380000000000003,17.16,26.12,487,Monday
2021-07-06,2115.0,428.0,45.0,14.0,1.0,53.0,24.12,14.13,31.29,488,Tuesday
2021-07-07,1720.0,454.0,42.0,10.0,1.0,42.0,26.28,16.810000000000002,33.629999999999995,489,Wednesday
2021-07-08,1704.0,489.0,38.0,9.0,1.0,46.0,26.61,17.85,33.57000000000001,490,Thursday
2021-07-09,1641.0,559.0,32.0,9.0,0.0,11.0,24.88,20.13,30.54,491,Friday
2021-07-10,774.0,564.0,34.0,9.0,0.0,19.0,23.2,15.919999999999998,28.82,492,Saturday
2021-07-11,570.0,564.0,34.0,9.0,0.0,9.0,22.73,16.63,28.76,493,Sunday
2021-07-12,1854.0,612.0,32.0,9.0,2.0,36.0,24.11,17.259999999999998,30.28,494,Monday
2021-07-13,1758.0,648.0,29.0,10.0,0.0,47.0,25.16,17.4,32.230000000000004,495,Tuesday
2021-07-14,1694.0,681.0,24.0,10.0,0.0,23.0,21.500000000000004,18.27,27.829999999999995,496,Wednesday
2021-07-15,1685.0,720.0,22.0,10.0,0.0,24.0,20.79,13.54,27.520000000000003,497,Thursday
2021-07-16,1733.0,751.0,20.0,10.0,0.0,30.0,20.62,14.71,25.849999999999994,498,Friday
2021-07-17,819.0,763.0,18.0,10.0,0.0,9.0,20.46,17.580000000000002,24.7,499,Saturday
2021-07-18,591.0,764.0,19.0,10.0,0.0,8.0,20.74,17.76,25.71,500,Sunday
2021-07-19,1737.0,805.0,20.0,10.0,0.0,48.0,22.59,18.24,29.3,501,Monday
2021-07-20,1807.0,842.0,19.0,9.0,0.0,73.0,21.97,15.37,28.25,502,Tuesday
2021-07-21,1448.0,843.0,19.0,8.0,0.0,68.0,21.500000000000004,15.37,27.31,503,Wednesday
2021-07-22,1641.0,820.0,20.0,7.0,1.0,81.0,21.77,14.829999999999998,27.65,504,Thursday
2021-07-23,1867.0,832.0,21.0,8.0,0.0,80.0,21.27,16.29,28.18,505,Friday
2021-07-24,740.0,840.0,21.0,8.0,1.0,23.0,24.01,14.63,30.16,506,Saturday
2021-07-25,593.0,850.0,21.0,8.0,1.0,11.0,24.79,17.46,31.47,507,Sunday
2021-07-26,1652.0,872.0,21.0,8.0,0.0,84.0,24.44,16.96,31.29,508,Monday
2021-07-27,1587.0,874.0,21.0,7.0,0.0,83.0,23.07,17.46,29.61,509,Tuesday
2021-07-28,1480.0,917.0,21.0,7.0,0.0,56.0,24.72,17.16,32.06,510,Wednesday
2021-07-29,1690.0,971.0,21.0,8.0,0.0,63.0,24.12,16.39,30.340000000000003,511,Thursday
2021-07-30,1678.0,1045.0,21.0,9.0,0.0,60.0,25.85,16.94,32.410000000000004,512,Friday
2021-07-31,764.0,1082.0,20.0,9.0,1.0,21.0,23.28,18.08,29.47,513,Saturday
2021-08-01,648.0,1104.0,21.0,8.0,0.0,9.0,21.11,18.28,27.25,514,Sunday
2021-08-02,1777.0,1196.0,22.0,9.0,0.0,89.0,19.4,15.82,24.54,515,Monday
2021-08-03,1590.0,1225.0,21.0,9.0,0.0,110.0,20.46,14.669999999999998,26.28000000000001,516,Tuesday
2021-08-04,1614.0,1294.0,22.0,8.0,0.0,70.0,20.940000000000005,15.69,26.110000000000003,517,Wednesday
2021-08-05,1775.0,1379.0,20.0,8.0,0.0,57.0,18.66,16.78,24.35,518,Thursday
2021-08-06,1578.0,1420.0,22.0,7.0,1.0,92.0,20.23,13.63,27.96,519,Friday
2021-08-07,778.0,1455.0,24.0,8.0,1.0,30.0,22.98,14.5,29.629999999999995,520,Saturday
2021-08-08,671.0,1480.0,24.0,7.0,2.0,21.0,23.1,18.06,29.01,521,Sunday
2021-08-09,1857.0,1593.0,25.0,7.0,0.0,106.0,21.59,16.69,28.23,522,Monday
2021-08-10,1977.0,1755.0,29.0,7.0,0.0,85.0,23.08,15.330000000000002,30.47,523,Tuesday
2021-08-11,1831.0,1906.0,29.0,7.0,0.0,99.0,23.64,17.009999999999998,31.22,524,Wednesday
2021-08-12,1844.0,1988.0,33.0,7.0,0.0,117.0,24.190000000000005,16.169999999999998,31.930000000000007,525,Thursday
2021-08-13,1872.0,2117.0,36.0,6.0,0.0,135.0,24.96,16.98,33.279999999999994,526,Friday
2021-08-14,921.0,2156.0,35.0,7.0,0.0,58.0,25.630000000000003,18.630000000000003,34.379999999999995,527,Saturday
2021-08-15,803.0,2182.0,35.0,8.0,0.0,31.0,24.71,17.759999999999998,34.559999999999995,528,Sunday
2021-08-16,2062.0,2319.0,36.0,9.0,0.0,181.0,25.09,18.23,32.96,529,Monday
2021-08-17,2238.0,2567.0,39.0,10.0,0.0,136.0,18.28,15.77,24.84,530,Tuesday
2021-08-18,2238.0,2810.0,49.0,8.0,3.0,137.0,18.37,14.079999999999998,24.97,531,Wednesday
2021-08-19,2481.0,3002.0,47.0,9.0,2.0,143.0,19.270000000000003,11.45,27.05,532,Thursday
2021-08-20,2121.0,3256.0,43.0,11.0,0.0,134.0,20.29,13.75,28.160000000000004,533,Friday
2021-08-21,1399.0,3435.0,52.0,14.0,0.0,65.0,21.12,12.79,29.76,534,Saturday
2021-08-22,755.0,3506.0,50.0,16.0,2.0,45.0,22.5,13.73,30.65,535,Sunday
2021-08-23,2489.0,3763.0,58.0,17.0,1.0,218.0,16.65,15.23,22.08,536,Monday
2021-08-24,2806.0,4025.0,68.0,18.0,1.0,246.0,19.01,12.23,25.540000000000003,537,Tuesday
2021-08-25,2935.0,4286.0,71.0,18.0,1.0,249.0,16.380000000000003,13.64,22.56,538,Wednesday
2021-08-26,2955.0,4631.0,87.0,18.0,1.0,197.0,16.779999999999998,8.72,24.61,539,Thursday
2021-08-27,3104.0,4907.0,97.0,20.0,2.0,262.0,15.65,12.84,22.0,540,Friday
2021-08-28,1396.0,5087.0,101.0,20.0,2.0,97.0,15.14,11.05,20.36,541,Saturday
2021-08-29,888.0,5174.0,108.0,21.0,0.0,56.0,13.56,11.1,20.37,542,Sunday
2021-08-30,2919.0,5397.0,117.0,24.0,1.0,317.0,15.470000000000002,8.219999999999999,21.6,543,Monday
2021-08-31,3790.0,5782.0,117.0,29.0,1.0,387.0,17.060000000000002,9.73,24.71,544,Tuesday
2021-09-01,3613.0,6068.0,125.0,34.0,0.0,379.0,16.169999999999998,10.92,24.22,545,Wednesday
2021-09-02,3303.0,6344.0,123.0,39.0,3.0,335.0,16.140000000000004,8.27,24.31,546,Thursday
2021-09-03,3757.0,6699.0,138.0,42.0,0.0,386.0,16.44,9.71,24.86,547,Friday
2021-09-04,1710.0,6771.0,147.0,42.0,2.0,246.0,16.759999999999998,9.12,25.48,548,Saturday
2021-09-05,1429.0,6890.0,168.0,41.0,0.0,116.0,17.0,9.36,26.27,549,Sunday
2021-09-06,3947.0,7295.0,168.0,47.0,1.0,474.0,16.790000000000003,9.17,25.98,550,Monday
2021-09-07,5161.0,7881.0,179.0,50.0,2.0,506.0,16.85,8.989999999999998,25.71,551,Tuesday
2021-09-08,4924.0,8389.0,185.0,58.0,3.0,510.0,16.330000000000002,9.01,25.43,552,Wednesday
2021-09-09,5188.0,8844.0,209.0,60.0,1.0,540.0,15.84,7.3,25.69,553,Thursday
2021-09-10,5491.0,9392.0,220.0,58.0,4.0,537.0,16.79,8.26,26.75,554,Friday
2021-09-11,2723.0,9675.0,214.0,60.0,3.0,277.0,17.419999999999998,8.98,27.21,555,Saturday
2021-09-12,1657.0,9816.0,227.0,65.0,0.0,143.0,18.15,10.3,27.93,556,Sunday
2021-09-13,5668.0,10669.0,246.0,66.0,1.0,538.0,18.7,10.9,28.58,557,Monday
2021-09-14,6747.0,11262.0,262.0,71.0,3.0,766.0,19.43,11.549999999999995,29.57,558,Tuesday
2021-09-15,6707.0,11921.0,276.0,71.0,6.0,661.0,21.280000000000005,11.260000000000002,30.110000000000003,559,Wednesday
2021-09-16,6534.0,12455.0,263.0,78.0,7.0,605.0,20.34,15.73,26.040000000000003,560,Thursday
2021-09-17,6255.0,12965.0,264.0,84.0,6.0,741.0,16.37,14.59,21.21,561,Friday
2021-09-18,2579.0,13192.0,272.0,88.0,2.0,314.0,15.49,11.99,22.41,562,Saturday
2021-09-19,1706.0,13248.0,266.0,94.0,4.0,231.0,15.88,9.85,21.31,563,Sunday
2021-09-20,5729.0,13675.0,266.0,98.0,5.0,878.0,12.67,10.609999999999998,16.92,564,Monday
2021-09-21,5937.0,13769.0,277.0,101.0,3.0,1085.0,12.8,9.56,18.53,565,Tuesday
2021-09-22,5620.0,13762.0,285.0,103.0,10.0,1014.0,12.22,7.63,19.37,566,Wednesday
2021-09-23,5472.0,13704.0,290.0,101.0,5.0,994.0,12.69,4.5600000000000005,21.26,567,Thursday
2021-09-24,5537.0,13623.0,301.0,103.0,5.0,1082.0,15.24,7.850000000000001,23.78,568,Friday
2021-09-25,2316.0,13510.0,279.0,102.0,6.0,555.0,15.73,8.78,24.15,569,Saturday
2021-09-26,1443.0,13511.0,293.0,104.0,5.0,278.0,17.779999999999998,10.48,24.97,570,Sunday
2021-09-27,4790.0,13158.0,320.0,106.0,7.0,1385.0,17.369999999999997,15.289999999999996,22.09,571,Monday
2021-09-28,6411.0,13135.0,315.0,104.0,9.0,1361.0,17.26,12.4,25.380000000000003,572,Tuesday
2021-09-29,5756.0,12836.0,291.0,112.0,4.0,1323.0,16.79,12.06,24.43,573,Wednesday
2021-09-30,5335.0,12664.0,313.0,107.0,4.0,1141.0,13.86,10.86,19.020000000000003,574,Thursday
2021-10-01,5002.0,12404.0,305.0,114.0,4.0,1249.0,12.79,6.15,18.72,575,Friday
2021-10-02,2443.0,12392.0,302.0,120.0,4.0,540.0,12.97,9.84,19.31,576,Saturday
2021-10-03,1201.0,12325.0,303.0,121.0,5.0,285.0,16.43,8.620000000000001,22.110000000000003,577,Sunday
2021-10-04,4787.0,11997.0,311.0,120.0,7.0,1300.0,17.67,13.56,24.45,578,Monday
2021-10-05,6177.0,12017.0,306.0,120.0,8.0,1181.0,17.2,12.14,23.07,579,Tuesday
2021-10-06,5340.0,11974.0,287.0,113.0,8.0,1009.0,12.44,10.42,17.65,580,Wednesday
2021-10-07,4713.0,11875.0,300.0,113.0,3.0,939.0,11.86,9.97,13.200000000000005,581,Thursday
2021-10-08,4615.0,11751.0,299.0,114.0,2.0,1002.0,11.889999999999995,10.669999999999998,13.48,582,Friday
2021-10-09,2049.0,11793.0,308.0,115.0,5.0,441.0,9.55,6.460000000000001,14.48,583,Saturday
2021-10-10,1012.0,11695.0,300.0,117.0,6.0,282.0,7.65,5.73,9.94,584,Sunday
2021-10-11,4562.0,11659.0,305.0,117.0,4.0,1040.0,8.97,6.48,14.100000000000003,585,Monday
2021-10-12,5692.0,11546.0,314.0,114.0,1.0,1337.0,7.599999999999999,3.47,13.82,586,Tuesday
2021-10-13,5379.0,11600.0,299.0,121.0,5.0,1024.0,7.4,2.98,14.310000000000002,587,Wednesday
2021-10-14,5141.0,11732.0,290.0,116.0,4.0,969.0,6.75,0.79,14.09,588,Thursday
2021-10-15,5724.0,12177.0,287.0,116.0,4.0,989.0,7.32,2.68,15.189999999999998,589,Friday
2021-10-16,2279.0,12276.0,282.0,116.0,4.0,530.0,9.09,1.24,17.15,590,Saturday
2021-10-17,1357.0,12415.0,290.0,121.0,3.0,222.0,7.92,3.16,17.089999999999996,591,Sunday
2021-10-18,5237.0,13108.0,299.0,119.0,3.0,976.0,7.88,1.87,16.4,592,Monday
2021-10-19,7370.0,14054.0,301.0,120.0,4.0,1200.0,9.82,3.26,16.69,593,Tuesday
2021-10-20,6645.0,14938.0,308.0,119.0,9.0,962.0,12.95,4.94,19.13,594,Wednesday
2021-10-21,6875.0,16065.0,303.0,118.0,7.0,833.0,15.320000000000002,12.1,17.82,595,Thursday
2021-10-22,7509.0,17454.0,319.0,121.0,9.0,875.0,12.79,11.33,15.920000000000002,596,Friday
2021-10-23,4458.0,18463.0,338.0,117.0,8.0,484.0,8.750000000000002,5.89,13.82,597,Saturday
2021-10-24,2084.0,18983.0,351.0,124.0,5.0,177.0,6.06,2.34,13.88,598,Sunday
2021-10-25,6076.0,20274.0,369.0,124.0,11.0,995.0,4.749999999999999,-0.6599999999999999,13.18,599,Monday
2021-10-26,8313.0,22183.0,382.0,128.0,10.0,1220.0,5.979999999999999,1.11,10.98,600,Tuesday
2021-10-27,7332.0,23733.0,396.0,130.0,9.0,1072.0,6.51,1.0,15.87,601,Wednesday
2021-10-28,6802.0,25145.0,419.0,128.0,10.0,1098.0,6.08,1.33,13.74,602,Thursday
2021-10-29,7609.0,26698.0,428.0,130.0,7.0,1429.0,5.119999999999999,0.53,12.470000000000002,603,Friday
2021-10-30,3954.0,27730.0,439.0,128.0,9.0,626.0,4.99,0.2499999999999999,11.72,604,Saturday
2021-10-31,2643.0,28624.0,441.0,136.0,6.0,353.0,7.729999999999999,1.9699999999999995,15.64,605,Sunday
2021-11-01,2641.0,28087.0,461.0,142.0,11.0,1663.0,9.97,3.61,14.04,606,Monday
2021-11-02,7757.0,29394.0,479.0,155.0,10.0,2137.0,9.35,7.0200000000000005,13.509999999999996,607,Tuesday
2021-11-03,10176.0,32059.0,516.0,154.0,18.0,1844.0,10.29,6.4,12.43,608,Wednesday
2021-11-04,9983.0,33869.0,570.0,165.0,9.0,1956.0,10.78,7.080000000000001,17.139999999999997,609,Thursday
2021-11-05,9643.0,35261.0,589.0,172.0,13.0,2257.0,7.56,3.3800000000000003,10.52,610,Friday
2021-11-06,5456.0,36089.0,574.0,174.0,15.0,1488.0,8.419999999999998,5.95,11.52,611,Saturday
2021-11-07,2962.0,36669.0,617.0,180.0,10.0,695.0,8.440000000000001,6.269999999999999,12.48,612,Sunday
2021-11-08,7622.0,37721.0,659.0,184.0,13.0,2284.0,8.05,6.25,10.26,613,Monday
2021-11-09,10579.0,39066.0,687.0,187.0,12.0,3118.0,6.32,3.58,11.830000000000002,614,Tuesday
2021-11-10,9082.0,40007.0,703.0,186.0,20.0,2622.0,5.220000000000001,1.46,11.169999999999998,615,Wednesday
2021-11-11,9128.0,40924.0,714.0,206.0,10.0,2503.0,5.42,2.14,9.1,616,Thursday
2021-11-12,9220.0,41600.0,745.0,209.0,14.0,2971.0,6.14,4.21,7.959999999999999,617,Friday
2021-11-13,5351.0,42305.0,762.0,219.0,20.0,1643.0,7.9,5.64,10.89,618,Saturday
2021-11-14,3416.0,42867.0,768.0,222.0,21.0,1246.0,7.840000000000001,6.76,9.21,619,Sunday
2021-11-15,7654.0,45502.0,780.0,228.0,12.0,1131.0,8.22,6.62,10.73,620,Monday
2021-11-16,10053.0,46323.0,838.0,236.0,5.0,3443.0,7.580000000000001,6.130000000000001,9.34,621,Tuesday
2021-11-17,9223.0,45472.0,849.0,246.0,19.0,4494.0,7.589999999999999,4.86,9.750000000000002,622,Wednesday
2021-11-18,8283.0,45211.0,851.0,253.0,24.0,3758.0,6.459999999999999,3.770000000000001,11.85,623,Thursday
2021-11-19,8134.0,44786.0,874.0,253.0,21.0,3642.0,5.15,0.7399999999999999,12.4,624,Friday
2021-11-20,4743.0,44708.0,842.0,264.0,22.0,2307.0,4.57,0.2699999999999999,11.650000000000002,625,Saturday
2021-11-21,2739.0,44810.0,861.0,265.0,19.0,1271.0,4.529999999999999,0.74,8.629999999999999,626,Sunday
2021-11-22,7351.0,44862.0,886.0,276.0,17.0,3325.0,6.319999999999999,3.0,8.21,627,Monday
2021-11-23,8623.0,43522.0,870.0,283.0,23.0,4472.0,3.78,0.28,9.94,628,Tuesday
2021-11-24,7210.0,42619.0,888.0,280.0,11.0,3562.0,0.3899999999999999,-3.69,7.55,629,Wednesday
2021-11-25,6528.0,41552.0,857.0,288.0,11.0,3417.0,2.77,-2.6900000000000004,5.88,630,Thursday
2021-11-26,6147.0,40113.0,848.0,289.0,17.0,3644.0,3.83,2.74,5.15,631,Friday
2021-11-27,3421.0,39225.0,837.0,283.0,23.0,2346.0,4.0,1.95,5.98,632,Saturday
2021-11-28,2231.0,38444.0,856.0,284.0,23.0,1800.0,4.25,2.46,5.979999999999999,633,Sunday
2021-11-29,6291.0,37157.0,877.0,279.0,20.0,3755.0,0.7099999999999999,-1.4600000000000002,5.319999999999999,634,Monday
2021-11-30,6983.0,35132.0,851.0,277.0,16.0,4267.0,1.03,-4.419999999999999,4.930000000000001,635,Tuesday
2021-12-01,6243.0,33593.0,831.0,276.0,16.0,3652.0,5.4,-1.2000000000000002,9.23,636,Wednesday
2021-12-02,5530.0,31814.0,813.0,274.0,15.0,3501.0,3.69,2.07,7.37,637,Thursday
2021-12-03,5518.0,30483.0,789.0,270.0,17.0,3221.0,1.85,-0.4599999999999999,6.05,638,Friday
2021-12-04,2995.0,29351.0,765.0,264.0,18.0,2235.0,1.66,-2.88,4.69,639,Saturday
2021-12-05,1857.0,28735.0,763.0,271.0,13.0,1374.0,2.34,1.0699999999999998,4.35,640,Sunday
2021-12-06,5487.0,27290.0,784.0,266.0,16.0,3383.0,2.0,-0.76,6.17,641,Monday
2021-12-07,6576.0,25999.0,738.0,267.0,17.0,3125.0,-1.26,-3.85,3.4900000000000007,642,Tuesday
2021-12-08,5946.0,25017.0,704.0,259.0,18.0,2659.0,0.12,-4.67,2.96,643,Wednesday
2021-12-09,5053.0,23974.0,697.0,251.0,11.0,2348.0,0.91,-0.19,2.6000000000000005,644,Thursday
2021-12-10,5052.0,23226.0,673.0,241.0,19.0,2217.0,-0.02,-3.16,1.92,645,Friday
2021-12-11,2230.0,22531.0,667.0,242.0,11.0,1467.0,0.35,-2.18,2.88,646,Saturday
2021-12-12,1750.0,22169.0,643.0,240.0,14.0,1023.0,-1.34,-5.57,3.59,647,Sunday
2021-12-13,5113.0,21401.0,639.0,235.0,16.0,2473.0,1.35,-2.62,4.200000000000001,648,Monday
2021-12-14,5907.0,20673.0,581.0,236.0,11.0,2250.0,1.85,-1.2200000000000002,5.19,649,Tuesday
2021-12-15,4928.0,19892.0,573.0,231.0,8.0,2120.0,2.66,0.28,5.56,650,Wednesday
2021-12-16,5037.0,19434.0,542.0,234.0,8.0,1727.0,2.88,0.15,6.610000000000001,651,Thursday
2021-12-17,4484.0,18814.0,510.0,236.0,12.0,1889.0,0.9,-1.6500000000000004,6.51,652,Friday
2021-12-18,2266.0,18467.0,483.0,220.0,19.0,1103.0,0.13,-2.59,3.62,653,Saturday
2021-12-19,1550.0,18279.0,486.0,215.0,13.0,764.0,0.35,-3.43,6.67,654,Sunday
2021-12-20,4981.0,17882.0,481.0,215.0,10.0,1949.0,-0.6700000000000002,-4.390000000000001,6.220000000000001,655,Monday
2021-12-21,5566.0,17285.0,459.0,206.0,6.0,1846.0,-0.9500000000000002,-5.640000000000001,2.83,656,Tuesday
2021-12-22,4935.0,16721.0,443.0,206.0,6.0,1678.0,0.2099999999999998,-2.56,2.16,657,Wednesday
2021-12-23,5004.0,16604.0,422.0,202.0,10.0,1323.0,0.95,-2.41,3.35,658,Thursday
2021-12-24,4264.0,16215.0,412.0,202.0,1.0,1474.0,3.73,-0.38,7.479999999999999,659,Friday
2021-12-25,2161.0,16095.0,380.0,200.0,6.0,777.0,4.71,1.07,8.010000000000002,660,Saturday
2021-12-26,1848.0,16119.0,382.0,195.0,9.0,668.0,2.31,1.17,5.790000000000001,661,Sunday
2021-12-27,5337.0,16223.0,393.0,199.0,9.0,1703.0,2.51,0.23,4.209999999999999,662,Monday
2021-12-28,5949.0,16564.0,387.0,199.0,13.0,1520.0,3.54,1.8300000000000003,5.04,663,Tuesday
2021-12-29,5114.0,16908.0,383.0,189.0,10.0,1340.0,3.37,0.6799999999999999,7.280000000000001,664,Wednesday
2021-12-30,5176.0,17525.0,387.0,187.0,7.0,1275.0,4.14,0.95,8.75,665,Thursday
2021-12-31,4266.0,17905.0,373.0,180.0,6.0,1277.0,3.37,-0.22,9.7,666,Friday
2022-01-01,1984.0,17971.0,360.0,172.0,11.0,765.0,3.31,-0.8799999999999999,10.45,667,Saturday
2022-01-02,2288.0,18396.0,362.0,171.0,4.0,575.0,3.67,-1.81,9.55,668,Sunday
2022-01-03,7493.0,20240.0,377.0,171.0,11.0,1550.0,4.84,0.9900000000000002,9.12,669,Monday
2022-01-04,10580.0,23069.0,368.0,163.0,8.0,1248.0,8.360000000000001,2.23,10.18,670,Tuesday
2022-01-05,10098.0,25793.0,385.0,157.0,7.0,1119.0,7.19,2.56,13.64,671,Wednesday
2022-01-06,11026.0,28671.0,390.0,160.0,5.0,1198.0,1.91,-0.35,5.66,672,Thursday
2022-01-07,11232.0,32072.0,392.0,155.0,9.0,1085.0,-2.14,-4.46,2.5700000000000003,673,Friday
2022-01-08,7425.0,34766.0,382.0,156.0,6.0,661.0,-3.08,-6.599999999999999,2.61,674,Saturday
2022-01-09,5254.0,36595.0,378.0,159.0,5.0,694.0,-1.16,-6.22,1.3000000000000005,675,Sunday
2022-01-10,10258.0,39949.0,415.0,157.0,7.0,1816.0,1.73,-1.5399999999999996,4.92,676,Monday
2022-01-11,14823.0,45514.0,393.0,160.0,4.0,1858.0,0.0400000000000001,-2.94,4.74,677,Tuesday
2022-01-12,13350.0,50703.0,384.0,154.0,13.0,1684.0,-2.08,-5.48,3.1100000000000003,678,Wednesday
2022-01-13,13693.0,55745.0,374.0,153.0,7.0,1892.0,-1.93,-7.840000000000001,5.1000000000000005,679,Thursday
2022-01-14,14366.0,61680.0,370.0,154.0,6.0,1663.0,0.74,-4.69,9.84,680,Friday
2022-01-15,10308.0,66867.0,361.0,153.0,5.0,833.0,0.52,-4.23,8.63,681,Saturday
2022-01-16,7910.0,70834.0,393.0,156.0,2.0,1004.0,-0.21,-4.680000000000001,6.840000000000001,682,Sunday
2022-01-17,13812.0,76126.0,410.0,156.0,7.0,3392.0,0.8,-4.03,7.85,683,Monday
2022-01-18,19451.0,84343.0,421.0,154.0,10.0,4076.0,1.3199999999999998,-2.6500000000000004,9.07,684,Tuesday
2022-01-19,17298.0,90800.0,412.0,154.0,8.0,3841.0,-0.4100000000000001,-4.86,6.369999999999999,685,Wednesday
2022-01-20,14724.0,96580.0,434.0,146.0,7.0,4073.0,0.2199999999999999,-3.3800000000000003,5.71,686,Thursday
2022-01-21,14675.0,102048.0,456.0,143.0,12.0,4481.0,-0.38,-3.55,5.089999999999999,687,Friday
2022-01-22,18853.0,112879.0,465.0,136.0,11.0,3341.0,0.74,-5.5,8.25,688,Saturday
2022-01-23,11123.0,118763.0,472.0,136.0,19.0,2516.0,0.76,-2.86,4.95,689,Sunday
2022-01-24,17012.0,126426.0,484.0,135.0,14.0,5163.0,-0.1600000000000001,-2.29,2.78,690,Monday
2022-01-25,22944.0,136501.0,502.0,130.0,11.0,7421.0,-0.38,-3.9,6.11,691,Tuesday
2022-01-26,19729.0,143849.0,531.0,125.0,15.0,6866.0,-0.3999999999999999,-4.040000000000001,4.69,692,Wednesday
2022-01-27,22652.0,153807.0,560.0,124.0,14.0,6932.0,0.21,-4.15,4.62,693,Thursday
2022-01-28,20672.0,161106.0,563.0,130.0,8.0,7592.0,2.84,-2.97,9.98,694,Friday
2022-01-29,17961.0,168950.0,571.0,127.0,11.0,6011.0,0.7999999999999998,-4.36,7.35,695,Saturday
2022-01-30,11082.0,172556.0,578.0,133.0,11.0,4969.0,2.84,-3.46,13.19,696,Sunday
2022-01-31,15605.0,175592.0,633.0,137.0,9.0,8680.0,-0.2799999999999999,-3.95,3.86,697,Monday
2022-02-01,17183.0,187549.0,640.0,132.0,14.0,12288.0,1.2,-3.29,7.35,698,Tuesday
2022-02-02,8738.0,194046.0,653.0,130.0,13.0,10286.0,4.17,-2.38,10.99,699,Wednesday
2022-02-03,3812.0,195971.0,654.0,127.0,19.0,9843.0,2.8,-3.49,10.13,700,Thursday
2022-02-04,4033.0,197756.0,646.0,133.0,22.0,9935.0,5.279999999999999,-0.42,12.73,701,Friday
2022-02-05,1754.0,191108.0,613.0,133.0,25.0,14175.0,3.82,-1.13,10.87,702,Saturday
2022-02-06,1248.0,188267.0,633.0,134.0,16.0,8396.0,5.160000000000001,-3.03,10.03,703,Sunday
2022-02-07,3183.0,186673.0,646.0,134.0,18.0,12818.0,5.55,2.24,10.56,704,Monday
2022-02-08,1567.0,174300.0,663.0,141.0,19.0,17493.0,2.43,-3.06,12.180000000000003,705,Tuesday
2022-02-09,3255.0,172297.0,666.0,146.0,18.0,14209.0,3.64,-3.1,15.15,706,Wednesday
2022-02-10,2989.0,162978.0,648.0,141.0,19.0,16888.0,3.390000000000001,-3.660000000000001,12.099999999999998,707,Thursday
2022-02-11,3020.0,155480.0,655.0,136.0,10.0,14887.0,6.35,-0.6199999999999999,12.37,708,Friday
2022-02-12,1197.0,145927.0,640.0,134.0,15.0,13859.0,1.4600000000000002,-1.64,8.510000000000002,709,Saturday
2022-02-13,1064.0,140993.0,649.0,133.0,7.0,8566.0,0.27,-5.279999999999999,8.56,710,Sunday
2022-02-14,2857.0,136439.0,658.0,136.0,18.0,11707.0,3.67,-5.24,8.65,711,Monday
2022-02-15,2371.0,116931.0,640.0,130.0,23.0,24243.0,5.58,2.4800000000000004,9.359999999999998,712,Tuesday
2022-02-16,2447.0,104712.0,631.0,125.0,15.0,16787.0,4.79,1.47,9.55,713,Wednesday
2022-02-17,2428.0,96764.0,617.0,119.0,15.0,11768.0,6.410000000000001,2.13,12.31,714,Thursday
2022-02-18,2433.0,88784.0,591.0,113.0,22.0,11735.0,8.44,-1.24,14.650000000000002,715,Friday
2022-02-19,1125.0,83538.0,580.0,109.0,10.0,7524.0,7.610000000000001,5.53,11.23,716,Saturday
2022-02-20,871.0,80002.0,593.0,110.0,19.0,5554.0,5.58,3.24,10.32,717,Sunday
2022-02-21,2327.0,71096.0,590.0,112.0,19.0,11229.0,5.74,1.91,11.140000000000002,718,Monday
2022-02-22,2108.0,68361.0,582.0,111.0,14.0,5128.0,3.86,-1.4799999999999998,12.209999999999996,719,Tuesday
2022-02-23,2000.0,58509.0,547.0,115.0,10.0,12214.0,4.240000000000001,-2.0,14.580000000000002,720,Wednesday
2022-02-24,1772.0,52867.0,526.0,112.0,11.0,7572.0,6.769999999999999,-2.9,15.4,721,Thursday
2022-02-25,1733.0,47291.0,478.0,117.0,7.0,7391.0,2.74,-1.22,10.62,722,Friday
2022-02-26,790.0,43907.0,432.0,106.0,13.0,4298.0,3.95,-0.16,8.32,723,Saturday
2022-02-27,751.0,40937.0,418.0,108.0,15.0,3635.0,4.200000000000001,2.14,7.360000000000001,724,Sunday
2022-02-28,1872.0,36320.0,416.0,104.0,15.0,7164.0,1.69,-2.5100000000000007,7.0200000000000005,725,Monday
2022-03-01,1477.0,33439.0,395.0,94.0,12.0,4742.0,0.43,-2.83,7.869999999999999,726,Tuesday
2022-03-02,1642.0,30719.0,380.0,89.0,8.0,4573.0,0.67,-6.409999999999999,10.6,727,Wednesday
2022-03-03,1441.0,28778.0,350.0,83.0,10.0,3836.0,2.45,-6.07,11.35,728,Thursday
2022-03-04,1565.0,26885.0,324.0,80.0,6.0,3755.0,2.46,-3.81,9.15,729,Friday
2022-03-05,586.0,25551.0,291.0,78.0,10.0,2287.0,2.14,-4.03,6.0600000000000005,730,Saturday
2022-03-06,604.0,24283.0,294.0,81.0,10.0,2031.0,2.4,-0.2399999999999999,6.139999999999999,731,Sunday
2022-03-07,1852.0,25148.0,303.0,80.0,6.0,2329.0,0.7000000000000001,-3.21,6.109999999999999,732,Monday
2022-03-08,1416.0,24954.0,288.0,85.0,8.0,2396.0,0.35,-4.029999999999999,8.370000000000001,733,Tuesday
2022-03-09,1865.0,24916.0,271.0,87.0,7.0,2365.0,1.89,-5.799999999999999,11.52,734,Wednesday
2022-03-10,1667.0,25238.0,255.0,86.0,8.0,1931.0,3.96,-4.470000000000001,11.54,735,Thursday
2022-03-11,1768.0,25715.0,255.0,77.0,6.0,1822.0,-0.01,-3.3,6.220000000000001,736,Friday
2022-03-12,641.0,25927.0,253.0,71.0,6.0,923.0,-0.2399999999999999,-7.590000000000001,8.250000000000002,737,Saturday
2022-03-13,725.0,26181.0,255.0,71.0,6.0,675.0,2.5,-7.57,12.01,738,Sunday
2022-03-14,2116.0,27860.0,253.0,67.0,5.0,2555.0,4.870000000000001,-3.71,14.14,739,Monday
2022-03-15,1739.0,28988.0,236.0,67.0,4.0,1864.0,6.880000000000001,-1.84,12.239999999999998,740,Tuesday
2022-03-16,1941.0,30262.0,230.0,61.0,5.0,1859.0,9.18,6.13,15.6,741,Wednesday
2022-03-17,1429.0,31429.0,222.0,58.0,4.0,1899.0,7.57,1.7399999999999995,14.46,742,Thursday
2022-03-18,1851.0,32861.0,216.0,62.0,2.0,1866.0,6.029999999999999,1.3199999999999998,12.17,743,Friday
2022-03-19,612.0,33418.0,222.0,61.0,6.0,957.0,5.53,-2.65,12.3,744,Saturday
2022-03-20,714.0,33762.0,227.0,58.0,6.0,762.0,3.92,-2.12,11.57,745,Sunday
2022-03-21,1992.0,35652.0,239.0,58.0,7.0,3200.0,3.3,-4.199999999999999,12.77,746,Monday
2022-03-22,1649.0,36834.0,241.0,56.0,2.0,2206.0,4.5600000000000005,-4.63,15.7,747,Tuesday
2022-03-23,1915.0,37830.0,235.0,52.0,3.0,2328.0,7.31,-3.31,20.42,748,Wednesday
2022-03-24,1353.0,38481.0,235.0,50.0,7.0,2251.0,9.63,-2.0200000000000005,22.37,749,Thursday
2022-03-25,1754.0,39128.0,243.0,49.0,8.0,2302.0,9.52,-0.6,20.43,750,Friday
2022-03-26,627.0,39333.0,227.0,50.0,3.0,1137.0,9.55,-0.24,21.32,751,Saturday
2022-03-27,659.0,39352.0,242.0,53.0,4.0,929.0,9.71,0.39,20.73,752,Sunday
2022-03-28,2020.0,39644.0,252.0,55.0,5.0,4237.0,11.63,0.4000000000000001,21.87,753,Monday
2022-03-29,1611.0,39720.0,248.0,55.0,1.0,2995.0,11.54,1.98,19.14,754,Tuesday
2022-03-30,1714.0,39400.0,250.0,50.0,2.0,3134.0,9.95,4.96,13.91,755,Wednesday
2022-03-31,1365.0,38751.0,255.0,46.0,3.0,3062.0,8.03,7.029999999999999,10.52,756,Thursday
2022-04-01,1562.0,37880.0,246.0,44.0,6.0,3299.0,8.4,6.21,11.909999999999998,757,Friday
2022-04-02,680.0,37301.0,226.0,39.0,5.0,1517.0,3.06,1.5100000000000002,8.039999999999997,758,Saturday
2022-04-03,670.0,36999.0,235.0,40.0,3.0,1109.0,4.17,1.1599999999999997,8.78,759,Sunday
2022-04-04,1786.0,35340.0,252.0,39.0,4.0,5085.0,5.17,1.38,10.720000000000002,760,Monday
2022-04-05,1427.0,34248.0,235.0,37.0,7.0,3386.0,8.56,1.08,15.789999999999996,761,Tuesday
2022-04-06,1636.0,33051.0,230.0,40.0,5.0,3325.0,11.05,1.66,18.75,762,Wednesday
2022-04-07,1110.0,32048.0,230.0,38.0,6.0,2906.0,12.889999999999995,5.319999999999999,19.23,763,Thursday
2022-04-08,1353.0,30952.0,234.0,38.0,4.0,2948.0,14.239999999999998,7.8,17.759999999999998,764,Friday
2022-04-09,501.0,30405.0,231.0,37.0,4.0,1342.0,7.05,2.64,16.560000000000002,765,Saturday
2022-04-10,596.0,29997.0,234.0,42.0,4.0,950.0,5.62,0.11,12.73,766,Sunday
2022-04-11,1506.0,28138.0,236.0,39.0,3.0,4527.0,8.1,-0.24,15.820000000000004,767,Monday
2022-04-12,976.0,26689.0,211.0,32.0,3.0,3069.0,10.41,0.58,19.29,768,Tuesday
2022-04-13,1284.0,25419.0,197.0,31.0,4.0,2810.0,11.86,2.28,20.51,769,Wednesday
2022-04-14,914.0,24357.0,194.0,29.0,7.0,2416.0,13.85,3.5700000000000003,23.21,770,Thursday
2022-04-15,1062.0,23242.0,186.0,29.0,3.0,2432.0,12.26,5.09,19.56,771,Friday
2022-04-16,434.0,22872.0,176.0,28.0,1.0,940.0,10.94,7.2,17.48,772,Saturday
2022-04-17,411.0,22460.0,178.0,30.0,1.0,808.0,8.84,3.85,14.1,773,Sunday
2022-04-18,836.0,19502.0,172.0,30.0,3.0,3429.0,8.65,0.7200000000000001,14.529999999999998,774,Monday
2022-04-19,1390.0,19364.0,178.0,30.0,4.0,2296.0,7.56,4.39,12.54,775,Tuesday
2022-04-20,1201.0,18501.0,173.0,28.0,3.0,2133.0,7.51,3.3199999999999994,14.160000000000002,776,Wednesday
2022-04-21,1013.0,17758.0,160.0,29.0,1.0,1906.0,10.01,0.18,15.03,777,Thursday
2022-04-22,1349.0,16956.0,151.0,29.0,1.0,1849.0,9.93,8.260000000000002,12.840000000000003,778,Friday
2022-04-23,644.0,16665.0,139.0,30.0,7.0,797.0,12.68,8.66,17.089999999999996,779,Saturday
2022-04-24,543.0,16467.0,135.0,33.0,2.0,541.0,12.6,9.02,18.43,780,Sunday
2022-04-25,1313.0,15354.0,136.0,30.0,4.0,2667.0,12.000000000000002,4.94,18.12,781,Monday
2022-04-26,983.0,14877.0,142.0,29.0,4.0,1623.0,12.3,7.49,17.369999999999997,782,Tuesday
2022-04-27,682.0,13624.0,127.0,28.0,1.0,1546.0,10.61,8.02,15.1,783,Wednesday
2022-04-28,925.0,13534.0,134.0,26.0,1.0,1353.0,11.78,4.24,18.94,784,Thursday
2022-04-29,926.0,13193.0,122.0,23.0,4.0,1318.0,12.12,3.53,19.86,785,Friday
2022-04-30,449.0,13111.0,125.0,23.0,0.0,570.0,12.920000000000002,3.75,20.83,786,Saturday
2022-05-01,381.0,12956.0,121.0,24.0,1.0,397.0,12.420000000000002,8.05,18.380000000000003,787,Sunday
2022-05-02,807.0,12942.0,131.0,22.0,2.0,472.0,14.079999999999998,9.58,20.01,788,Monday
2022-05-03,1013.0,12440.0,137.0,22.0,3.0,2157.0,13.91,7.32,22.130000000000003,789,Tuesday
2022-05-04,968.0,12182.0,134.0,22.0,4.0,1268.0,15.18,6.08,23.17,790,Wednesday
2022-05-05,926.0,11760.0,117.0,21.0,3.0,1161.0,15.46,6.85,22.01,791,Thursday
2022-05-06,909.0,11462.0,110.0,17.0,3.0,1051.0,14.200000000000005,11.36,17.14,792,Friday
2022-05-07,424.0,11280.0,113.0,18.0,3.0,508.0,14.170000000000002,12.14,16.630000000000003,793,Saturday
2022-05-08,547.0,11133.0,114.0,19.0,0.0,345.0,14.89,11.81,20.180000000000003,794,Sunday
2022-05-09,1194.0,10570.0,115.0,21.0,2.0,1558.0,15.61,9.9,23.000000000000004,795,Monday
2022-05-10,716.0,10097.0,109.0,22.0,0.0,1144.0,16.74,8.86,24.610000000000003,796,Tuesday
2022-05-11,899.0,10416.0,96.0,19.0,3.0,293.0,19.17,9.22,27.51,797,Wednesday
2022-05-12,749.0,9738.0,96.0,15.0,1.0,1265.0,21.21,11.349999999999998,29.190000000000005,798,Thursday
2022-05-13,824.0,9321.0,100.0,14.0,2.0,974.0,19.18,11.91,26.71,799,Friday
2022-05-14,441.0,9069.0,88.0,9.0,3.0,487.0,18.74,13.78,25.27,800,Saturday
2022-05-15,450.0,8960.0,88.0,9.0,2.0,243.0,20.23,11.49,27.4,801,Sunday
2022-05-16,997.0,9241.0,88.0,9.0,1.0,460.0,20.61,12.22,28.22,802,Monday
2022-05-17,668.0,8125.0,71.0,9.0,1.0,1658.0,19.48,15.37,26.02,803,Tuesday
2022-05-18,826.0,7520.0,63.0,8.0,1.0,1012.0,17.45,12.63,23.630000000000003,804,Wednesday
2022-05-19,583.0,7195.0,59.0,8.0,1.0,742.0,17.520000000000003,7.279999999999999,25.630000000000003,805,Thursday
2022-05-20,730.0,6830.0,53.0,8.0,0.0,755.0,20.940000000000005,9.72,28.85,806,Friday
2022-05-21,320.0,6668.0,51.0,6.0,1.0,326.0,21.22,14.04,29.03,807,Saturday
2022-05-22,334.0,6557.0,54.0,6.0,0.0,199.0,20.99,15.01,26.42,808,Sunday
2022-05-23,853.0,6142.0,54.0,7.0,1.0,994.0,20.56,16.169999999999998,25.15,809,Monday
2022-05-24,581.0,5866.0,53.0,6.0,1.0,674.0,21.45,14.9,27.58,810,Tuesday
2022-05-25,717.0,5587.0,49.0,6.0,0.0,610.0,20.08,14.829999999999998,27.72,811,Wednesday
2022-05-26,607.0,5293.0,44.0,6.0,3.0,589.0,19.98,15.05,25.56,812,Thursday
2022-05-27,648.0,4996.0,45.0,6.0,0.0,558.0,21.87,13.74,28.62,813,Friday
2022-05-28,267.0,4852.0,50.0,5.0,2.0,237.0,13.420000000000002,12.28,22.08,814,Saturday
2022-05-29,385.0,4778.0,50.0,5.0,0.0,134.0,11.07,9.98,13.66,815,Sunday
2022-05-30,779.0,4420.0,52.0,6.0,1.0,742.0,12.67,8.099999999999998,16.17,816,Monday
2022-05-31,573.0,4211.0,48.0,7.0,0.0,540.0,17.99,9.73,24.03,817,Tuesday
2022-06-01,692.0,4091.0,49.0,6.0,3.0,408.0,20.22,12.37,26.3,818,Wednesday
2022-06-02,489.0,3932.0,53.0,6.0,0.0,417.0,20.5,13.9,27.42,819,Thursday
2022-06-03,610.0,3845.0,41.0,7.0,0.0,390.0,21.37,15.52,27.51,820,Friday
2022-06-04,245.0,3768.0,39.0,7.0,1.0,163.0,23.86,16.16,30.76,821,Saturday
2022-06-05,355.0,3759.0,40.0,7.0,1.0,89.0,24.07,16.37,29.81,822,Sunday
2022-06-06,793.0,3639.0,44.0,7.0,0.0,580.0,21.719999999999995,16.88,27.78,823,Monday
2022-06-07,519.0,3597.0,35.0,7.0,0.0,397.0,20.54,14.29,27.54,824,Tuesday
2022-06-08,596.0,3599.0,34.0,6.0,1.0,334.0,18.29,15.060000000000002,23.52,825,Wednesday
2022-06-09,483.0,3597.0,38.0,7.0,0.0,294.0,16.65,13.470000000000002,18.64,826,Thursday
2022-06-10,609.0,3679.0,37.0,6.0,1.0,263.0,19.48,15.089999999999998,24.54,827,Friday
2022-06-11,277.0,3728.0,36.0,6.0,0.0,93.0,20.52,13.72,26.82,828,Saturday
2022-06-12,312.0,3741.0,38.0,6.0,0.0,61.0,21.64,12.210000000000004,28.33,829,Sunday
2022-06-13,742.0,3923.0,40.0,6.0,0.0,383.0,21.56,13.779999999999998,28.95,830,Monday
2022-06-14,545.0,4067.0,40.0,7.0,1.0,334.0,20.17,14.330000000000002,25.98,831,Tuesday
2022-06-15,619.0,4249.0,43.0,7.0,0.0,288.0,21.630000000000003,12.07,28.08,832,Wednesday
2022-06-16,567.0,4465.0,46.0,7.0,0.0,257.0,21.37,14.579999999999998,29.78,833,Thursday
2022-06-17,602.0,4683.0,46.0,7.0,1.0,304.0,21.11,15.52,28.3,834,Friday
2022-06-18,298.0,4786.0,47.0,6.0,0.0,87.0,22.3,14.12,28.37,835,Saturday
2022-06-19,345.0,4858.0,47.0,6.0,0.0,80.0,23.07,13.73,29.98,836,Sunday
2022-06-20,833.0,5247.0,46.0,6.0,0.0,460.0,24.69,14.78,31.620000000000005,837,Monday
2022-06-21,618.0,5570.0,43.0,6.0,0.0,355.0,22.9,17.529999999999998,29.40000000000001,838,Tuesday
2022-06-22,726.0,6005.0,39.0,8.0,1.0,336.0,22.93,18.16,27.95,839,Wednesday
2022-06-23,534.0,6368.0,43.0,10.0,0.0,292.0,23.29,18.390000000000004,28.28,840,Thursday
2022-06-24,630.0,6804.0,49.0,10.0,1.0,345.0,23.71,18.76,29.87,841,Friday
2022-06-25,354.0,6913.0,52.0,10.0,0.0,142.0,22.37,16.93,28.26,842,Saturday
2022-06-26,349.0,7057.0,51.0,11.0,0.0,73.0,24.520000000000003,15.929999999999998,31.62,843,Sunday
2022-06-27,759.0,7728.0,48.0,11.0,1.0,564.0,26.7,16.909999999999997,34.28,844,Monday
2022-06-28,586.0,8317.0,48.0,12.0,2.0,478.0,25.860000000000003,18.29,32.440000000000005,845,Tuesday
2022-06-29,672.0,8857.0,47.0,11.0,0.0,470.0,25.660000000000004,20.57,32.31,846,Wednesday
2022-06-30,640.0,9300.0,72.0,11.0,0.0,473.0,25.72,18.98,32.14,847,Thursday
2022-07-01,661.0,9941.0,76.0,10.0,1.0,520.0,26.0,17.71,33.85000000000001,848,Friday
2022-07-02,295.0,10128.0,70.0,11.0,2.0,189.0,23.26,17.54,29.42,849,Saturday
2022-07-03,396.0,10266.0,71.0,11.0,1.0,152.0,25.11,15.470000000000002,32.87,850,Sunday
2022-07-04,820.0,11260.0,77.0,12.0,0.0,847.0,26.64,16.95,34.16,851,Monday
2022-07-05,620.0,12072.0,83.0,10.0,2.0,679.0,22.87,18.11,29.140000000000004,852,Tuesday
2022-07-06,685.0,12943.0,81.0,10.0,0.0,771.0,22.92,16.62,30.0,853,Wednesday
2022-07-07,573.0,13630.0,95.0,10.0,0.0,654.0,19.24,16.27,27.170000000000005,854,Thursday
2022-07-08,610.0,14320.0,86.0,12.0,2.0,781.0,19.67,14.64,25.67,855,Friday
2022-07-09,317.0,14585.0,82.0,11.0,0.0,250.0,19.85,10.470000000000002,26.41,856,Saturday
2022-07-10,374.0,14824.0,84.0,13.0,1.0,218.0,19.69,15.07,25.9,857,Sunday
2022-07-11,859.0,15983.0,94.0,15.0,0.0,1236.0,19.65,13.320000000000002,25.11,858,Monday
2022-07-12,631.0,16802.0,90.0,14.0,1.0,1066.0,19.77,13.63,26.73,859,Tuesday
2022-07-13,810.0,17579.0,118.0,15.0,1.0,1007.0,22.15,12.079999999999998,29.99,860,Wednesday
2022-07-14,724.0,18294.0,112.0,12.0,3.0,916.0,24.18,14.970000000000002,32.36,861,Thursday
2022-07-15,754.0,19042.0,117.0,14.0,1.0,1162.0,22.98,15.37,29.33,862,Friday
2022-07-16,424.0,19279.0,111.0,15.0,1.0,377.0,23.75,17.549999999999997,30.079999999999995,863,Saturday
2022-07-17,416.0,19518.0,129.0,16.0,0.0,289.0,22.630000000000003,18.250000000000004,28.56,864,Sunday
2022-07-18,941.0,20513.0,139.0,20.0,1.0,1842.0,22.57,14.11,30.2,865,Monday
2022-07-19,715.0,20890.0,137.0,18.0,1.0,1488.0,23.69,13.65,32.10000000000001,866,Tuesday
2022-07-20,831.0,21126.0,136.0,19.0,3.0,1637.0,24.43,14.110000000000005,33.3,867,Wednesday
2022-07-21,662.0,21426.0,126.0,16.0,5.0,1341.0,25.42,14.59,34.85,868,Thursday
2022-07-22,845.0,21927.0,132.0,15.0,2.0,1468.0,27.11,17.18,35.67,869,Friday
2022-07-23,371.0,22162.0,127.0,16.0,3.0,516.0,28.26,17.61,36.84,870,Saturday
2022-07-24,428.0,22253.0,137.0,18.0,0.0,452.0,25.85,19.9,32.440000000000005,871,Sunday
2022-07-25,962.0,22873.0,141.0,19.0,5.0,2396.0,27.56,18.41,34.68,872,Monday
2022-07-26,646.0,22981.0,123.0,19.0,0.0,1884.0,23.25,19.96,28.65,873,Tuesday
2022-07-27,798.0,23230.0,131.0,18.0,2.0,1785.0,23.28,18.19,29.4,874,Wednesday
2022-07-28,587.0,23118.0,127.0,17.0,2.0,1631.0,23.51,16.259999999999998,30.640000000000004,875,Thursday
2022-07-29,760.0,23017.0,124.0,18.0,1.0,1908.0,24.61,15.600000000000003,32.65,876,Friday
2022-07-30,325.0,23002.0,115.0,16.0,3.0,610.0,20.2,18.43,26.45,877,Saturday
2022-07-31,358.0,22960.0,113.0,16.0,4.0,527.0,22.76,13.69,30.09,878,Sunday
2022-08-01,937.0,22789.0,119.0,17.0,2.0,2836.0,23.32,16.52,32.13,879,Monday
2022-08-02,654.0,22708.0,122.0,18.0,2.0,1865.0,22.22,17.81,28.95,880,Tuesday
2022-08-03,787.0,22475.0,124.0,17.0,3.0,1876.0,23.68,15.54,31.72,881,Wednesday
2022-08-04,635.0,22300.0,121.0,20.0,2.0,1642.0,25.26,15.929999999999998,33.879999999999995,882,Thursday
2022-08-05,669.0,21949.0,129.0,17.0,1.0,1971.0,27.160000000000004,16.65,36.05,883,Friday
2022-08-06,323.0,21793.0,125.0,19.0,1.0,751.0,24.29,20.12,32.32,884,Saturday
2022-08-07,385.0,21743.0,127.0,16.0,0.0,543.0,23.89,17.82,27.62,885,Sunday
2022-08-08,900.0,21173.0,134.0,16.0,5.0,3010.0,22.7,19.87,27.48,886,Monday
2022-08-09,639.0,20907.0,126.0,17.0,6.0,1988.0,23.15,17.07,29.58,887,Tuesday
2022-08-10,775.0,20507.0,126.0,14.0,6.0,2033.0,21.610000000000003,13.66,28.809999999999995,888,Wednesday
2022-08-11,573.0,20393.0,131.0,13.0,3.0,1518.0,22.28,12.66,29.440000000000005,889,Thursday
2022-08-12,754.0,20175.0,135.0,15.0,2.0,1808.0,20.07,15.73,26.51,890,Friday
2022-08-13,263.0,20126.0,124.0,16.0,2.0,597.0,17.669999999999998,14.1,21.65,891,Saturday
2022-08-14,275.0,20159.0,126.0,15.0,2.0,484.0,21.3,12.86,29.96,892,Sunday
2022-08-15,600.0,18054.0,120.0,17.0,3.0,2665.0,23.33,13.710000000000004,31.849999999999994,893,Monday
2022-08-16,779.0,18897.0,133.0,16.0,2.0,1786.0,22.880000000000003,16.42,30.8,894,Tuesday
2022-08-17,778.0,19301.0,132.0,18.0,1.0,1645.0,24.85,15.75,32.97,895,Wednesday
2022-08-18,686.0,19359.0,127.0,15.0,0.0,1466.0,23.71,17.72,34.099999999999994,896,Thursday
2022-08-19,653.0,19434.0,125.0,17.0,2.0,1620.0,21.78,18.17,28.81,897,Friday
2022-08-20,303.0,19407.0,126.0,15.0,1.0,594.0,20.74,16.470000000000002,28.24,898,Saturday
2022-08-21,415.0,19350.0,130.0,15.0,1.0,497.0,20.92,15.720000000000002,27.2,899,Sunday
2022-08-22,936.0,19237.0,128.0,14.0,1.0,2443.0,18.9,15.599999999999998,23.35,900,Monday
2022-08-23,729.0,19138.0,95.0,19.0,3.0,1724.0,20.1,16.18,24.78,901,Tuesday
2022-08-24,836.0,19087.0,97.0,17.0,4.0,1634.0,22.19,15.749999999999996,28.35,902,Wednesday
2022-08-25,592.0,19062.0,95.0,16.0,2.0,1402.0,22.43,18.24,29.4,903,Thursday
2022-08-26,645.0,19028.0,96.0,15.0,4.0,1589.0,23.579999999999995,17.219999999999995,31.360000000000003,904,Friday
2022-08-27,334.0,19023.0,90.0,16.0,3.0,547.0,21.97,16.9,30.64,905,Saturday
2022-08-28,405.0,18886.0,91.0,16.0,3.0,516.0,20.86,16.83,27.15,906,Sunday
2022-08-29,841.0,20530.0,101.0,16.0,4.0,562.0,20.68,17.950000000000003,27.6,907,Monday
2022-08-30,648.0,19445.0,102.0,16.0,0.0,2629.0,21.610000000000003,14.15,29.270000000000003,908,Tuesday
2022-08-31,717.0,18957.0,98.0,14.0,1.0,2048.0,19.78,15.970000000000002,25.37,909,Wednesday
2022-09-01,584.0,18712.0,98.0,14.0,1.0,1524.0,17.39,14.77,21.06,910,Thursday
2022-09-02,713.0,18386.0,98.0,13.0,2.0,1695.0,17.14,11.98,23.9,911,Friday
2022-09-03,275.0,18348.0,91.0,15.0,1.0,568.0,18.39,10.12,25.86,912,Saturday
2022-09-04,429.0,18319.0,92.0,15.0,0.0,441.0,19.1,12.94,27.65,913,Sunday
2022-09-05,922.0,18529.0,94.0,16.0,0.0,2333.0,20.38,12.86,27.87,914,Monday
2022-09-06,636.0,18765.0,92.0,15.0,0.0,1627.0,21.79,14.669999999999998,29.910000000000004,915,Tuesday
2022-09-07,832.0,19253.0,89.0,13.0,2.0,1585.0,21.56,15.45,29.32,916,Wednesday
2022-09-08,730.0,19501.0,88.0,13.0,0.0,1379.0,18.36,14.99,24.47,917,Thursday
2022-09-09,863.0,20027.0,83.0,14.0,2.0,1557.0,18.4,16.27,22.92,918,Friday
2022-09-10,381.0,20126.0,80.0,15.0,1.0,544.0,16.96,13.5,25.41,919,Saturday
2022-09-11,447.0,20355.0,89.0,15.0,1.0,382.0,17.37,12.37,24.66,920,Sunday
2022-09-12,1067.0,21668.0,93.0,16.0,1.0,2205.0,16.919999999999998,9.8,25.330000000000005,921,Monday
2022-09-13,854.0,22667.0,99.0,12.0,1.0,1541.0,18.76,10.34,27.01,922,Tuesday
2022-09-14,1023.0,23530.0,98.0,12.0,4.0,1558.0,22.8,15.689999999999998,26.920000000000005,923,Wednesday
2022-09-15,799.0,24455.0,92.0,13.0,3.0,1281.0,19.61,17.750000000000004,25.21,924,Thursday
2022-09-16,838.0,25459.0,95.0,14.0,0.0,1369.0,15.01,13.19,18.74,925,Friday
2022-09-17,418.0,25707.0,94.0,14.0,1.0,529.0,10.54,9.15,13.670000000000002,926,Saturday
2022-09-18,480.0,25901.0,94.0,14.0,1.0,410.0,12.400000000000002,5.65,19.65,927,Sunday
2022-09-19,1062.0,26830.0,98.0,12.0,2.0,2540.0,13.25,9.62,20.85,928,Monday
2022-09-20,741.0,27397.0,102.0,9.0,3.0,1865.0,11.56,4.92,20.12,929,Tuesday
2022-09-21,952.0,27732.0,93.0,12.0,0.0,2072.0,10.18,5.290000000000001,18.000000000000004,930,Wednesday
2022-09-22,676.0,28072.0,100.0,14.0,1.0,1629.0,9.29,3.1699999999999995,18.21,931,Thursday
2022-09-23,908.0,28172.0,92.0,15.0,0.0,2083.0,10.93,3.28,19.33,932,Friday
2022-09-24,361.0,28290.0,86.0,17.0,1.0,642.0,14.11,5.44,19.45,933,Saturday
2022-09-25,516.0,28449.0,93.0,15.0,2.0,610.0,13.91,12.4,16.57,934,Sunday
2022-09-26,1086.0,28862.0,98.0,16.0,2.0,3518.0,14.0,12.22,18.14,935,Monday
2022-09-27,861.0,29067.0,103.0,19.0,1.0,2543.0,12.38,10.709999999999996,16.959999999999997,936,Tuesday
2022-09-28,1041.0,29269.0,112.0,18.0,1.0,2420.0,12.74,7.44,16.119999999999997,937,Wednesday
2022-09-29,821.0,29387.0,109.0,23.0,4.0,2204.0,12.41,10.88,15.420000000000002,938,Thursday
2022-09-30,900.0,29573.0,109.0,22.0,2.0,2371.0,14.51,10.91,18.71,939,Friday
2022-10-01,345.0,29721.0,121.0,20.0,3.0,777.0,15.35,12.85,20.77,940,Saturday
2022-10-02,504.0,29881.0,120.0,23.0,1.0,606.0,14.59,8.53,21.26,941,Sunday
2022-10-03,1107.0,30431.0,123.0,26.0,0.0,3471.0,13.47,9.57,21.8,942,Monday
2022-10-04,785.0,30887.0,114.0,29.0,1.0,2430.0,12.11,5.42,20.07,943,Tuesday
2022-10-05,1019.0,31065.0,112.0,31.0,2.0,2405.0,13.53,6.419999999999999,21.35,944,Wednesday
2022-10-06,798.0,31299.0,114.0,26.0,3.0,1968.0,14.490000000000004,8.41,22.65,945,Thursday
2022-10-07,871.0,31548.0,117.0,28.0,1.0,2181.0,14.570000000000002,8.77,22.51,946,Friday
2022-10-08,375.0,31599.0,118.0,25.0,3.0,762.0,14.19,8.91,21.33,947,Saturday
2022-10-09,531.0,31585.0,122.0,25.0,0.0,765.0,13.84,9.96,18.79,948,Sunday
2022-10-10,1094.0,31329.0,130.0,25.0,6.0,3929.0,13.26,9.72,19.55,949,Monday
2022-10-11,845.0,30854.0,136.0,24.0,3.0,2747.0,14.02,7.93,21.309999999999995,950,Tuesday
2022-10-12,931.0,30400.0,129.0,27.0,2.0,2625.0,12.54,7.63,19.89,951,Wednesday
2022-10-13,720.0,29895.0,128.0,26.0,1.0,2324.0,12.16,7.210000000000001,19.44,952,Thursday
2022-10-14,765.0,29219.0,114.0,20.0,0.0,2559.0,12.44,7.52,19.73,953,Friday
2022-10-15,323.0,28872.0,111.0,25.0,1.0,923.0,12.48,7.689999999999999,18.24,954,Saturday
2022-10-16,445.0,28682.0,110.0,26.0,3.0,763.0,13.38,7.909999999999999,22.25,955,Sunday
2022-10-17,1035.0,27457.0,113.0,26.0,3.0,4019.0,13.62,8.02,22.53,956,Monday
2022-10-18,727.0,26326.0,108.0,25.0,3.0,2882.0,13.48,7.619999999999999,22.3,957,Tuesday
2022-10-19,999.0,25429.0,102.0,23.0,6.0,2585.0,13.65,8.31,21.04,958,Wednesday
2022-10-20,677.0,24580.0,112.0,22.0,1.0,2200.0,12.45,9.95,17.96,959,Thursday
2022-10-21,817.0,23484.0,97.0,22.0,3.0,2431.0,14.21,7.669999999999999,18.62,960,Friday
2022-10-22,302.0,23095.0,96.0,20.0,2.0,811.0,14.71,12.2,18.88,961,Saturday
2022-10-23,426.0,22779.0,100.0,20.0,2.0,754.0,15.19,9.7,20.24,962,Sunday
2022-10-24,997.0,21185.0,99.0,20.0,3.0,3675.0,17.339999999999996,12.619999999999996,22.379999999999995,963,Monday
2022-10-25,793.0,20392.0,108.0,18.0,1.0,2273.0,13.889999999999995,11.070000000000002,19.74,964,Tuesday
2022-10-26,958.0,19466.0,98.0,19.0,1.0,2171.0,13.920000000000002,9.23,20.14,965,Wednesday
2022-10-27,708.0,18638.0,106.0,18.0,1.0,1815.0,13.66,9.56,21.24,966,Thursday
2022-10-28,820.0,17731.0,101.0,19.0,4.0,1881.0,12.7,8.2,20.01,967,Friday
2022-10-29,345.0,17473.0,91.0,18.0,3.0,577.0,12.99,8.58,19.37,968,Saturday
2022-10-30,491.0,17241.0,78.0,15.0,2.0,574.0,12.86,8.129999999999999,21.41,969,Sunday
2022-10-31,455.0,14852.0,72.0,15.0,2.0,2797.0,12.6,7.24,21.42,970,Monday
2022-11-01,571.0,13403.0,75.0,17.0,0.0,1756.0,13.779999999999998,7.110000000000001,22.5,971,Tuesday
2022-11-02,933.0,13207.0,78.0,16.0,1.0,1688.0,14.039999999999996,9.12,20.22,972,Wednesday
2022-11-03,807.0,12831.0,80.0,15.0,1.0,1353.0,13.51,11.209999999999996,18.07,973,Thursday
2022-11-04,694.0,12340.0,84.0,16.0,1.0,1336.0,11.72,9.29,15.36,974,Friday
2022-11-05,347.0,12186.0,70.0,17.0,1.0,422.0,8.64,6.000000000000001,13.47,975,Saturday
2022-11-06,417.0,12007.0,80.0,17.0,2.0,436.0,8.219999999999999,3.85,13.13,976,Sunday
2022-11-07,901.0,11096.0,76.0,18.0,5.0,2079.0,8.299999999999999,4.3500000000000005,16.37,977,Monday
2022-11-08,694.0,10418.0,69.0,16.0,3.0,1478.0,7.92,1.8,16.2,978,Tuesday
2022-11-09,750.0,9865.0,60.0,16.0,3.0,1243.0,11.09,4.48,16.2,979,Wednesday
2022-11-10,620.0,9433.0,59.0,19.0,3.0,991.0,9.94,7.609999999999999,13.1,980,Thursday
2022-11-11,683.0,9137.0,50.0,19.0,0.0,976.0,8.010000000000002,5.090000000000001,13.41,981,Friday
2022-11-12,314.0,9008.0,55.0,18.0,1.0,321.0,9.21,4.07,13.99,982,Saturday
2022-11-13,391.0,8920.0,59.0,20.0,0.0,342.0,9.15,5.34,12.840000000000003,983,Sunday
2022-11-14,830.0,9733.0,60.0,23.0,2.0,407.0,9.13,7.229999999999999,11.31,984,Monday
2022-11-15,640.0,10352.0,61.0,20.0,1.0,308.0,9.38,7.0200000000000005,13.48,985,Tuesday
2022-11-16,771.0,9760.0,64.0,19.0,0.0,1491.0,9.13,7.0,11.179999999999998,986,Wednesday
2022-11-17,656.0,9599.0,60.0,20.0,2.0,977.0,9.01,6.070000000000001,12.3,987,Thursday
2022-11-18,654.0,9696.0,62.0,21.0,1.0,844.0,7.45,5.499999999999999,10.54,988,Friday
2022-11-19,275.0,9733.0,63.0,20.0,2.0,268.0,4.99,2.64,7.880000000000001,989,Saturday
2022-11-20,359.0,9765.0,64.0,19.0,2.0,260.0,3.5900000000000007,1.48,7.210000000000001,990,Sunday
2022-11-21,876.0,10176.0,63.0,19.0,2.0,1167.0,,,,991,Monday
2022-11-22,659.0,10555.0,55.0,18.0,4.0,801.0,,,,992,Tuesday
2022-11-23,749.0,10990.0,62.0,17.0,2.0,686.0,,,,993,Wednesday
2022-11-24,579.0,11452.0,58.0,18.0,7.0,555.0,,,,994,Thursday
2022-11-25,,,67.0,18.0,4.0,,,,,995,Friday
